nombre_activo,placa_codigo,marca,modelo,serie,ubicacion,observaciones,estado,propiedad,clase_id,funcionario_id,registro_invima,clasificacion_riesgo,vida_util
Laringoscopio,01156,Welch allyn,60813,NT,Hospitalizacion 6A,PENDIENTE,Bueno,Propio,1,,2008DM-0001919,IIA,0
Desfibrilador,03059 / 00557,Nihon Kohden,Tec-5521e,1352,Hospitalizacion 6A,PENDIENTE,Bueno,Propio,1,,2019EBC-0002632,IIB,5
Termohigrometro,00561,KTJ,TA318,MKTH2403,Hospitalizacion 6A,2023,Bueno,Propio,1,,PENDIENTE,PENDIENTE,PENDIENTE
Monitor de signos,03261,Comen,C30,K3200526002,Hospitalizacion 6A,PENDIENTE,Bueno,Propio,1,,2015EBC-0013161,IIB,5
Bascula,02121,Health o meter,844KL,8440138482,Hospitalizacion 6A,PENDIENTE,Bueno,Propio,1,,2013DM-0010061,I,5
Equipo de organos,NT,Lenz,GZ-10,Kit 23,Hospitalizacion 6A,PENDIENTE,Bueno,Propio,1,,PENDIENTE,PENDIENTE,PENDIENTE
Monitor de signos,00902,Mindray,Umec10,KN-33189051,Hospitalizacion 6A,PENDIENTE,Bueno,Propio,1,,2016EBC-0014448,IIB,10
Bomba de infusion,AJ0407,Hospira,Plum A+,17949118,Hospitalizacion 6A,PENDIENTE,Bueno,Propio,1,,PENDIENTE,PENDIENTE,PENDIENTE
Cama hospitalaria,6105063757,Dometal,NT,811,Hospitalizacion 6A,PENDIENTE,Bueno,Propio,1,,PENDIENTE,PENDIENTE,PENDIENTE
Cama hospitalaria,01247,MB,NT,MB-037,Hospitalizacion 6A,PENDIENTE,Bueno,Propio,1,,2024DM-0012181,I,5
Cama hospitalaria,01215,Los pinos ,740,50745,Hospitalizacion 6A,PENDIENTE,Bueno,Propio,1,,2023DM-0027454,I,5
Cama hospitalaria,01319,MB,NT,MB-032,Hospitalizacion 6A,PENDIENTE,Bueno,Propio,1,,2024DM-0012181,I,5
Bomba de infusion,AJ1942,Hospira,Plum A+,17948357,Hospitalizacion 6A,PENDIENTE,Bueno,Propio,1,,PENDIENTE,PENDIENTE,PENDIENTE
Bomba de infusion,AJ0327,Hospira,Plum A+,23056370,Hospitalizacion 6A,PENDIENTE,Bueno,Propio,1,,PENDIENTE,PENDIENTE,PENDIENTE
Cama hospitalaria,01498,Hill-Rom,Advance 2000,1105-68J21-A,Hospitalizacion 6A,PENDIENTE,Bueno,Propio,1,,PENDIENTE,1,5 AÑOS 
Cama hospitalaria,01251,MB,NT,MB-033,Hospitalizacion 6A,PENDIENTE,Bueno,Propio,1,,2024DM-0012181,I,5
Cama hospitalaria,01245,Los pinos ,740,50751,Hospitalizacion 6A,PENDIENTE,Bueno,Propio,1,,2023DM-0027454,I,5
Cama hospitalaria,01493,MB,NT,MB-012,Hospitalizacion 6A,PENDIENTE,Bueno,Propio,1,,2024DM-0012181,I,5
Bomba de infusion,AJ0432,Hospira,Plum360,41406643,Hospitalizacion 6A,PENDIENTE,Bueno,Propio,1,,PENDIENTE,PENDIENTE,PENDIENTE
Cama hospitalaria,03794 / 01497,Hill-Rom,Century,HR-021,Hospitalizacion 6A,PENDIENTE,Bueno,Propio,1,,PENDIENTE,1,5 AÑOS 
Cama hospitalaria,01332,MB,NT,MB-022,Hospitalizacion 6A,PENDIENTE,Bueno,Propio,1,,2024DM-0012181,I,5
Bomba de infusion,AJ0602,Hospira,Plum A+,17956685,Hospitalizacion 6A,PENDIENTE,Bueno,Propio,1,,PENDIENTE,PENDIENTE,PENDIENTE
Bomba de infusion,AJ1947,Hospira,Plum A+,17950682,Hospitalizacion 6A,PENDIENTE,Bueno,Propio,1,,PENDIENTE,PENDIENTE,PENDIENTE
Cama hospitalaria,01248,MB,NT,MB-034,Hospitalizacion 6A,PENDIENTE,Bueno,Propio,1,,2024DM-0012181,I,5
Cama hospitalaria,01378,MB,NT,MB-003,Hospitalizacion 6A,PENDIENTE,Bueno,Propio,1,,2024DM-0012181,1,5
Bomba de infusion,AJ4189,Hospira,Plum A+,18448738,Hospitalizacion 6A,PENDIENTE,Bueno,Propio,1,,PENDIENTE,PENDIENTE,PENDIENTE
Bomba de infusion,AJ1935,Hospira,Plum A+,23056313,Hospitalizacion 6A,PENDIENTE,Bueno,Propio,1,,PENDIENTE,PENDIENTE,PENDIENTE
Cama hospitalaria, 01214 / 6105063780,Dometal,NT,775,Hospitalizacion 6A,PENDIENTE,Bueno,Propio,1,,2014DM-0010936,I,5
Cama hospitalaria,01373,MB,NT,MB-092,Hospitalizacion 6A,PENDIENTE,Bueno,Propio,1,,2024DM-0012181,I,5
Bomba de infusion,AJ1959,Hospira,Plum A+,17948806,Hospitalizacion 6A,PENDIENTE,Bueno,Propio,1,,PENDIENTE,PENDIENTE,PENDIENTE
Flujometro,PENDIENTE_BIO_027,Acare,Sencillo,1340551,Hospitalizacion 6A,PENDIENTE,Bueno,Propio,1,,PENDIENTE,PENDIENTE,PENDIENTE
Cama hospitalaria,01235,MB,NT,MB-013,Hospitalizacion 6A,PENDIENTE,Bueno,Propio,1,,2024DM-0012181,I,5
Cama hospitalaria,00297,Los pinos ,NT,Cpinos-001,Hospitalizacion 6A,PENDIENTE,Bueno,Propio,1,,PENDIENTE,I,5
Bomba de infusion,AJ0371,Hospira,Plum A+,17949938,Hospitalizacion 6A,PENDIENTE,Bueno,Propio,1,,PENDIENTE,PENDIENTE,PENDIENTE
Bomba de infusion,AJ1932,Hospira,Plum A+,17956287,Hospitalizacion 6A,PENDIENTE,Bueno,Propio,1,,PENDIENTE,PENDIENTE,PENDIENTE
Regulador de succion,01558,Pahsco,Wika,NT,Hospitalizacion 6A,PENDIENTE,Bueno,Propio,1,,PENDIENTE,PENDIENTE,PENDIENTE
Cama hospitalaria,01234,MB,NT,MB-004,Hospitalizacion 6A,PENDIENTE,Bueno,Propio,1,,2024DM-0012181,I,5
Equipo de presion negativa,PENDIENTE_BIO_028,Closter,XLR8+,XP07972,Hospitalizacion 6A,PENDIENTE,Bueno,Propio,1,,PENDIENTE,PENDIENTE,PENDIENTE
Cama hospitalaria,01297,MB,NT,MB-026,Hospitalizacion 6A,PENDIENTE,Bueno,Propio,1,,2024DM-0012181,I,5
Cama hospitalaria,01221,Dometal,NT,794,Hospitalizacion 6A,PENDIENTE,Bueno,Propio,1,,2014DM-0010936,I,5
Cama hospitalaria,01326,Los pinos ,740,50755,Hospitalizacion 6A,PENDIENTE,Bueno,Propio,1,,2023DM-0027454,I,5
Cama hospitalaria,0122,MB,NT,MB-010,Hospitalizacion 6A,PENDIENTE,Bueno,Propio,1,,2024DM-0012181,I,5
Bomba de infusion,PENDIENTE_BIO_029,Hospira,Plum A+,17955982,Hospitalizacion 6A,PENDIENTE,Bueno,Propio,1,,PENDIENTE,PENDIENTE,PENDIENTE
Bomba de infusion,AJ1976,Hospira,Plum A+,17956141,Hospitalizacion 6A,PENDIENTE,Bueno,Propio,1,,PENDIENTE,PENDIENTE,PENDIENTE
Bomba de infusion,AJ0415,Hospira,Plum A+,18466348,Hospitalizacion 6A,PENDIENTE,Bueno,Propio,1,,PENDIENTE,PENDIENTE,PENDIENTE
Cama hospitalaria,01308,Dometal,NT,766,Hospitalizacion 6A,PENDIENTE,Bueno,Propio,1,,2014DM-0010936,I,5
Bomba de infusion,AJ0387,Hospira,Plum A+,18442678,Hospitalizacion 6A,PENDIENTE,Bueno,Propio,1,,PENDIENTE,PENDIENTE,PENDIENTE
Bomba de infusion,AJ1944,Hospira,Plum A+,17956947,Hospitalizacion 6A,PENDIENTE,Bueno,Propio,1,,PENDIENTE,PENDIENTE,PENDIENTE
Flujometro,PENDIENTE_BIO_030,Acare,Sencillo,F07202,Hospitalizacion 6A,PENDIENTE,Bueno,Propio,1,,PENDIENTE,PENDIENTE,PENDIENTE
Cama hospitalaria,01333,Dometal,NT,764,Hospitalizacion 6A,PENDIENTE,Bueno,Propio,1,,2014DM-0010936,I,5
Bomba de nutricion,AJ0341,Abbott,Free go,(21)AF14168002,Hospitalizacion 6A,PENDIENTE,Bueno,Propio,1,,2011EBC-0008205,IIB,5
Bomba de infusion,AJ1950,Hospira,Plum A+,17954813,Hospitalizacion 6A,PENDIENTE,Bueno,Propio,1,,PENDIENTE,PENDIENTE,PENDIENTE
Bomba de infusion,AJ0009 / 1438,Hospira,Plum A+,18442647,Hospitalizacion 6A,PENDIENTE,Bueno,Propio,1,,PENDIENTE,PENDIENTE,PENDIENTE
Flujometro,PENDIENTE_BIO_031,Acare,NT,1340550,Hospitalizacion 6A,PENDIENTE,Bueno,Propio,1,,PENDIENTE,PENDIENTE,PENDIENTE
Regulador de succion,01586,Pahsco,Wika,NT,Hospitalizacion 6A,PENDIENTE,Bueno,Propio,1,,PENDIENTE,PENDIENTE,PENDIENTE
Cama hospitalaria,01256,Los pinos ,740,50735,Hospitalizacion 6A,PENDIENTE,Bueno,Propio,1,,2023DM-0027454,I,5
Equipo de presion negativa,PENDIENTE_BIO_032,Closter,XLR8+,XP08271,Hospitalizacion 6A,PENDIENTE,Bueno,Propio,1,,PENDIENTE,PENDIENTE,PENDIENTE
Equipo de presion negativa,PENDIENTE_BIO_033,Closter,XLR8+,XP07915,Hospitalizacion 6A,PENDIENTE,Bueno,Propio,1,,PENDIENTE,PENDIENTE,PENDIENTE
Equipo de presion negativa,PENDIENTE_BIO_034,Closter,XLR8+,XP06496,Hospitalizacion 6A,PENDIENTE,Bueno,Propio,1,,PENDIENTE,PENDIENTE,PENDIENTE
Bomba de infusion,AJ1973,Hospira,Plum A+,17951457,Hospitalizacion 6A,PENDIENTE,Bueno,Propio,1,,PENDIENTE,PENDIENTE,PENDIENTE
Flujometro,PENDIENTE_BIO_035,Acare,Sencillo,F07202,Hospitalizacion 6A,PENDIENTE,Bueno,Propio,1,,PENDIENTE,PENDIENTE,PENDIENTE
Cama hospitalaria,01491,MB,NT,MB-098,Hospitalizacion 6A,PENDIENTE,Bueno,Propio,1,,2024DM-0012181,I,5
Bomba de infusion,AJ0489,Hospira,Plum A+,23055723,Hospitalizacion 6A,PENDIENTE,Bueno,Propio,1,,PENDIENTE,PENDIENTE,PENDIENTE
Monitor de signos,03962,Comen,C30,K3200526011,Hospitalizacion 6B,PENDIENTE,Bueno,Propio,1,,2015EBC-0013161,IIB,5
Monitor de signos,01238,Mindray,Umec10,KN-99051700,Hospitalizacion 6B,PENDIENTE,Bueno,Propio,1,,2019EBC-0003486,IIB,10
Electrocardiografo,01709,Biocare,IE3,A122120117,Hospitalizacion 6B,PENDIENTE,Bueno,Propio,1,,2014DM-0011591,IIA,8
Tensiometro,PENDIENTE_BIO_036,Tycos,Carro,69608929,Hospitalizacion 6B,PENDIENTE,Bueno,Propio,1,,PENDIENTE,IIA,5
Equipo de organos,PENDIENTE_BIO_037,Lenz,Portatil,KIT 24,Hospitalizacion 6B,PENDIENTE,Bueno,Propio,1,,PENDIENTE,PENDIENTE,PENDIENTE
Termohigrometro,01241,KTJ,TA318,Mkth2400,Hospitalizacion 6B,2024,Bueno,Propio,1,,PENDIENTE,I,5
Cama hospitalaria,01260,MB,NT,MB-038,Hospitalizacion 6B,PENDIENTE,Bueno,Propio,1,,2024DM-0012181,I,5
Bomba de infusion,PENDIENTE_BIO_038,Hospira,Plum360,41408715,Hospitalizacion 6B,PENDIENTE,Bueno,Propio,1,,PENDIENTE,PENDIENTE,PENDIENTE
Cama hospitalaria,01408,Stryker,2030,910034143,Hospitalizacion 6B,PENDIENTE,Bueno,Propio,1,,PENDIENTE,1,5 AÑOS
Bomba de infusion,AJ0430,Hospira,Plum A+,17948218,Hospitalizacion 6B,PENDIENTE,Bueno,Propio,1,,PENDIENTE,PENDIENTE,PENDIENTE
Bomba de infusion,AJ0331,Hospira,Plum A+,17947609,Hospitalizacion 6B,PENDIENTE,Bueno,Propio,1,,PENDIENTE,PENDIENTE,PENDIENTE
Regulador de succion,01552,Pahsco,Wika,NT,Hospitalizacion 6B,PENDIENTE,Bueno,Propio,1,,PENDIENTE,PENDIENTE,PENDIENTE
Flujometro,PENDIENTE_BIO_039,Acare,Sencillo,F07202,Hospitalizacion 6B,PENDIENTE,Bueno,Propio,1,,PENDIENTE,PENDIENTE,PENDIENTE
Desfibrilador,01242,Nihon Kohden,Tec-5531e,924,Hospitalizacion 6B,PENDIENTE,Bueno,Propio,1,,2019EBC-0002632,IIB,5
Cama hospitalaria,01298,MB,NT,MB-031,Hospitalizacion 6B,PENDIENTE,Bueno,Propio,1,,2024DM-0012181,I,5
Cama hospitalaria,01307,MB,NT,MB-008,Hospitalizacion 6B,PENDIENTE,Bueno,Propio,1,,2024DM-0012181,I,5
Bomba de infusion,AJ0496,Hospira,Plum A+,21397459,Hospitalizacion 6B,PENDIENTE,Bueno,Propio,1,,PENDIENTE,PENDIENTE,PENDIENTE
Flujometro,PENDIENTE_BIO_040,Gentec,Fm197b-15l-ch,61k20040596/048,Hospitalizacion 6B,PENDIENTE,Bueno,Propio,1,,2019DM-0019944,IIA,4
Cama hospitalaria,01492,MB,NT,MB-086,Hospitalizacion 6B,PENDIENTE,Bueno,Propio,1,,2024DM-0012181,I,5
Flujometro,PENDIENTE_BIO_041,NT,Doble,NT,Hospitalizacion 6B,PENDIENTE,Bueno,Propio,1,,PENDIENTE,PENDIENTE,PENDIENTE
Cama hospitalaria,01236,Dometal,NT,763,Hospitalizacion 6B,PENDIENTE,Bueno,Propio,1,,2014DM-0010936,I,5
Cama hospitalaria,02167,Los pinos ,980,500338,Hospitalizacion 6B,PENDIENTE,Bueno,Propio,1,,2023DM-0027454 ,I,5
Bomba de infusion,AJ0606,Hospira,Plum A+,63,Hospitalizacion 6B,PENDIENTE,Bueno,Propio,1,,PENDIENTE,PENDIENTE,PENDIENTE
Flujometro,PENDIENTE_BIO_042,Gentec,Fm197b-15l-ch,NT,Hospitalizacion 6B,PENDIENTE,Bueno,Propio,1,,PENDIENTE,PENDIENTE,PENDIENTE
Cama hospitalaria,01288,MB,NT,MB-017,Hospitalizacion 6B,PENDIENTE,Bueno,Propio,1,,2024DM-0012181,I,5
Cama hospitalaria,01499,Hill-Rom,Advance 2000,1130-50C65-A,Hospitalizacion 6B,PENDIENTE,Bueno,Propio,1,,PENDIENTE,1,5 AÑOS 
Bomba de infusion,AJ1980,Hospira,Plum A+,23055533,Hospitalizacion 6B,PENDIENTE,Bueno,Propio,1,,PENDIENTE,PENDIENTE,PENDIENTE
Bomba de infusion,AJ0006,Hospira,Plum A+,17948182,Hospitalizacion 6B,PENDIENTE,Bueno,Propio,1,,PENDIENTE,PENDIENTE,PENDIENTE
Flujometro,PENDIENTE_BIO_043,Gentec,Fm197b-15l-00,61k20060033-482,Hospitalizacion 6B,PENDIENTE,Bueno,Propio,1,,PENDIENTE,PENDIENTE,PENDIENTE
Cama hospitalaria,01216,MB,NT,MB-061,Hospitalizacion 6B,PENDIENTE,Bueno,Propio,1,,2024DM-0012181,I,5
Cama hospitalaria,01265,Los pinos ,740,50733,Hospitalizacion 6B,PENDIENTE,Bueno,Propio,1,,2023DM-0027454 ,I,5
Bomba de infusion,AJ0429,Hospira,Plum A+,18465955,Hospitalizacion 6B,PENDIENTE,Bueno,Propio,1,,PENDIENTE,PENDIENTE,PENDIENTE
Bomba de nutricion,AJ1993,Abbott,Free go,(21)AF22333023,Hospitalizacion 6B,PENDIENTE,Bueno,Propio,1,,2011EBC-0008205,IIB,5
Cama hospitalaria,01302,Los pinos ,740,50747,Hospitalizacion 6B,PENDIENTE,Bueno,Propio,1,,2023DM-0027454 ,I,5
Cama hospitalaria,01509,MB,NT,MB-051,Hospitalizacion 6B,PENDIENTE,Bueno,Propio,1,,2024DM-0012181,I,5
Bomba de infusion,AJ0337,Hospira,Plum A+,18442759,Hospitalizacion 6B,PENDIENTE,Bueno,Propio,1,,PENDIENTE,PENDIENTE,PENDIENTE
Regulador de succion,01280,Pahsco,Wika,NT,Hospitalizacion 6B,PENDIENTE,Bueno,Propio,1,,PENDIENTE,PENDIENTE,PENDIENTE
Flujometro,CLI0381,NT,Sencillo,NT,Hospitalizacion 6B,PENDIENTE,Bueno,Propio,1,,PENDIENTE,PENDIENTE,PENDIENTE
Cama hospitalaria,PENDIENTE_BIO_044,MB,NT,MB-095,Hospitalizacion 6B,PENDIENTE,Bueno,Propio,1,,2024DM-0012181,I,5
Cama hospitalaria,00294,Los pinos ,NT,Cpinos-003,Hospitalizacion 6B,PENDIENTE,Bueno,Propio,1,,PENDIENTE,I,5
Bomba de infusion,AJ0477,Hospira,Plum A+,17951520,Hospitalizacion 6B,PENDIENTE,Bueno,Propio,1,,PENDIENTE,PENDIENTE,PENDIENTE
Cama hospitalaria,01495,MB,NT,MB-020,Hospitalizacion 6B,PENDIENTE,Bueno,Propio,1,,2024DM-0012181,I,5
Cama hospitalaria,01279,Los pinos ,740,50737,Hospitalizacion 6B,PENDIENTE,Bueno,Propio,1,,2023DM-0027454 ,I,5
Cama hospitalaria,01372,MB,NT,MB-005,Hospitalizacion 6B,PENDIENTE,Bueno,Propio,1,,2024DM-0012181,I,5
Cama hospitalaria,01263,MB,NT,MB-029,Hospitalizacion 6B,PENDIENTE,Bueno,Propio,1,,2024DM-0012181,I,5
Bomba de infusion,PENDIENTE_BIO_045,Hospira,Plum A+,21396247,Hospitalizacion 6B,PENDIENTE,Bueno,Propio,1,,PENDIENTE,PENDIENTE,PENDIENTE
Bomba de infusion,AJ0497,Hospira,Plum A+,18442709,Hospitalizacion 6B,PENDIENTE,Bueno,Propio,1,,PENDIENTE,PENDIENTE,PENDIENTE
Bomba de infusion,AJ0317,Hospira,Plum A+,75244592,Hospitalizacion 6B,PENDIENTE,Bueno,Propio,1,,PENDIENTE,PENDIENTE,PENDIENTE
Bomba de nutricion,AJ1990,Abbott,Free go,(21)AF22333182,Hospitalizacion 6B,PENDIENTE,Bueno,Propio,1,,2011EBC-0008205,IIA,4
Succionador,01322,Pulmo-med,7E-C,YU21010438,Hospitalizacion 6B,PENDIENTE,Bueno,Propio,1,,2020DM-0022467,IIA,5
Cama hospitalaria,01262,MB,NT,MB-081,Hospitalizacion 6B,PENDIENTE,Bueno,Propio,1,,2024DM-0012181,I,5
Bomba de infusion,0491,Hospira,Plum A+,18442666,Hospitalizacion 6B,PENDIENTE,Bueno,Propio,1,,PENDIENTE,PENDIENTE,PENDIENTE
Bomba de nutricion,AJ1991,Abbott,Free go,(21)AF22333179,Hospitalizacion 6B,PENDIENTE,Bueno,Propio,1,,2011EBC-0008205,IIB,5
Regulador de succion,PENDIENTE_BIO_046,Gentec,882VR,NT,Hospitalizacion 6B,PENDIENTE,Bueno,Propio,1,,PENDIENTE,PENDIENTE,PENDIENTE
Flujometro,PENDIENTE_BIO_047,NT,Sencillo,NT,Hospitalizacion 6B,PENDIENTE,Bueno,Propio,1,,PENDIENTE,PENDIENTE,PENDIENTE
Cama hospitalaria,01217,MB,NT,MB-047,Hospitalizacion 6B,PENDIENTE,Bueno,Propio,1,,2024DM-0012181,I,5
Cama hospitalaria,01250,MB,NT,MB-101,Hospitalizacion 6B,PENDIENTE,Bueno,Propio,1,,2024DM-0012181,I,5
Cama hospitalaria,01226,MB,NT,MB-080,Hospitalizacion 6B,PENDIENTE,Bueno,Propio,1,,2024DM-0012181,I,5
Flujometro,CLI0331 / CLI0295,Amvex,Doble,Fma013993bn / Fma013981bm,Hospitalizacion 6B,PENDIENTE,Bueno,Propio,1,,PENDIENTE,PENDIENTE,PENDIENTE
Cama hospitalaria,01225,Los pinos ,740,50754,Hospitalizacion 6B,PENDIENTE,Bueno,Propio,1,,2023DM-0027454 ,I,5
Cama hospitalaria,01382,Los pinos ,740,50746,Hospitalizacion 6B,PENDIENTE,Bueno,Propio,1,,2023DM-0027454 ,I,5
Bomba de infusion,AJ0370,Hospira,Plum A+,17957192,Hospitalizacion 6B,PENDIENTE,Bueno,Propio,1,,PENDIENTE,PENDIENTE,PENDIENTE
Bomba de infusion,AJ0416,Hospira,Plum A+,18442686,Hospitalizacion 6B,PENDIENTE,Bueno,Propio,1,,PENDIENTE,PENDIENTE,PENDIENTE
Flujometro,PENDIENTE_BIO_048,Acare,Sencillo,1233893,Hospitalizacion 6B,PENDIENTE,Bueno,Propio,1,,2015DM-0012723,IIA,5
Equipo de presion negativa,PENDIENTE_BIO_049,Closter,XLR8+,XP08593,Hospitalizacion 6B,PENDIENTE,Bueno,Propio,1,,PENDIENTE,PENDIENTE,PENDIENTE
Equipo de presion negativa,PENDIENTE_BIO_050,Closter,XLR8+,XP01173,Hospitalizacion 6B,PENDIENTE,Bueno,Propio,1,,PENDIENTE,PENDIENTE,PENDIENTE
Equipo de presion negativa,PENDIENTE_BIO_051,Closter,XLR8+,X07836,Hospitalizacion 6B,PENDIENTE,Bueno,Propio,1,,PENDIENTE,PENDIENTE,PENDIENTE
Laringoscopio,01157,Welch allyn,60813,NT,Hospitalizacion 6B,PENDIENTE,Bueno,Propio,1,,2008DM-0001919,IIA,0
Bomba de infusion,AJ4190,Hospira,Plum A+,17957150,Hospitalizacion 5A,PENDIENTE,Bueno,Propio,1,,PENDIENTE,PENDIENTE,PENDIENTE
Bomba de infusion,AJ01375,Hospira,Plum360,41408761,Hospitalizacion 5A,PENDIENTE,Bueno,Propio,1,,PENDIENTE,PENDIENTE,PENDIENTE
Bomba de nutricion,AJ1989,Abbott,Free go,(21)AF22333188,Hospitalizacion 5A,PENDIENTE,Bueno,Propio,1,,2011EBC-0008205,IIA,5
Desfibrilador,01272,Nihon Kohden,Tec-5531e,00895,Hospitalizacion 5A,PENDIENTE,Bueno,Propio,1,,2019EBC-0002632,IIB,5
Laringoscopio,01158,Welch allyn,60813,NT,Hospitalizacion 5A,PENDIENTE,Bueno,Propio,1,,2008DM-0001919,I,5
Termohigrometro,02409,KTJ,TA318,Mkth3218,Hospitalizacion 5A,PENDIENTE,Bueno,Propio,1,,PENDIENTE,I,5
Monitor de signos,01328,Comen,C30,K3200526027,Hospitalizacion 5A,PENDIENTE,Bueno,Propio,1,,2015EBC-0013161,IIB,5
Monitor de signos,01532,Comen,C30,K3200526040,Hospitalizacion 5A,PENDIENTE,Bueno,Propio,1,,2015EBC-0013161,IIB,5
Tensiometro,PENDIENTE_BIO_052,GMD,Portatil,18125257,Hospitalizacion 5A,PENDIENTE,Bueno,Propio,1,,PENDIENTE,PENDIENTE,PENDIENTE
Cama hospitalaria,01289,MB,NT,MB-042,Hospitalizacion 5A,PENDIENTE,Bueno,Propio,1,,2024DM-0012181,I,5
Cama hospitalaria,01290,MB,NT,MB-036,Hospitalizacion 5A,PENDIENTE,Bueno,Propio,1,,2024DM-0012181,I,5
Cama hospitalaria,01293,MB,NT,MB-066,Hospitalizacion 5A,PENDIENTE,Bueno,Propio,1,,PENDIENTE,PENDIENTE,PENDIENTE
Cama hospitalaria,01335,Los pinos ,740,50736,Hospitalizacion 5A,PENDIENTE,Bueno,Propio,1,,2023DM-0027454,I,5
Bomba de infusion,AJ0422,Hospira,Plum A+,18445765,Hospitalizacion 5A,PENDIENTE,Bueno,Propio,1,,PENDIENTE,PENDIENTE,PENDIENTE
Flujometro,CLI0366 / CLI0367,Amvex,Doble,NT,Hospitalizacion 5A,PENDIENTE,Bueno,Propio,1,,PENDIENTE,PENDIENTE,PENDIENTE
Cama hospitalaria,01336,Dometal,NT,809,Hospitalizacion 5A,PENDIENTE,Bueno,Propio,1,,2014DM-0010936,I,5
Cama hospitalaria,01244,Los pinos ,740,10758,Hospitalizacion 5A,PENDIENTE,Bueno,Propio,1,,PENDIENTE,PENDIENTE,PENDIENTE
Cama hospitalaria,01300,MB,NT,MB-084,Hospitalizacion 5A,PENDIENTE,Bueno,Propio,1,,2024DM-0012181,I,5
Cama hospitalaria,01266,MB,NT,MB-045,Hospitalizacion 5A,PENDIENTE,Bueno,Propio,1,,2024DM-0012181,I,5
Flujometro,CLI0315,Amvex,Sencillo,NT,Hospitalizacion 5A,PENDIENTE,Bueno,Propio,1,,PENDIENTE,PENDIENTE,PENDIENTE
Cama hospitalaria,01370,MB,NT,MB-043,Hospitalizacion 5A,PENDIENTE,Bueno,Propio,1,,2024DM-0012181,I,5
Cama hospitalaria,01294,Los pinos ,740,50734,Hospitalizacion 5A,PENDIENTE,Bueno,Propio,1,,2023DM-0027454,I,5
Cama hospitalaria,01295,MB,NT,MB-021,Hospitalizacion 5A,PENDIENTE,Bueno,Propio,1,,2024DM-0012181,I,5
Bomba de infusion,AJ1955,Hospira,Plum A+,17952030,Hospitalizacion 5A,PENDIENTE,Bueno,Propio,1,,PENDIENTE,PENDIENTE,PENDIENTE
Bomba de infusion,AJ1969,Hospira,Plum A+,17951946,Hospitalizacion 5A,PENDIENTE,Bueno,Propio,1,,PENDIENTE,PENDIENTE,PENDIENTE
Bomba de infusion,AJ0592,Hospira,Plum A+,18447088,Hospitalizacion 5A,PENDIENTE,Bueno,Propio,1,,PENDIENTE,PENDIENTE,PENDIENTE
Flujometro,CLI0327,Amvex,Sencillo,Fma021113ck,Hospitalizacion 5A,PENDIENTE,Bueno,Propio,1,,PENDIENTE,PENDIENTE,PENDIENTE
Bomba de infusion,AJ0581,Hospira,Plum A+,18465375,Hospitalizacion 5A,PENDIENTE,Bueno,Propio,1,,PENDIENTE,PENDIENTE,PENDIENTE
Cama hospitalaria,01329,MB,NT,MB-096,Hospitalizacion 5A,PENDIENTE,Bueno,Propio,1,,2024DM-0012181,I,5
Cama hospitalaria,01233,Dometal,NT,793,Hospitalizacion 5A,PENDIENTE,Bueno,Propio,1,,2014DM-0010936,I,5
Bomba de infusion,AJ0474,Hospira,Plum360,41406650,Hospitalizacion 5A,PENDIENTE,Bueno,Propio,1,,PENDIENTE,PENDIENTE,PENDIENTE
Cama hospitalaria,03812,Stryker,Secure 3000,202005,Hospitalizacion 5A,PENDIENTE,Bueno,Propio,1,,PENDIENTE,PENDIENTE,PENDIENTE
Cama hospitalaria,01380,MB,NT,MB-052,Hospitalizacion 5A,PENDIENTE,Bueno,Propio,1,,2024DM-0012181,I,5
Equipo de presion negativa,PENDIENTE_BIO_053,Closter,XLR8+,XP08089,Hospitalizacion 5A,PENDIENTE,Bueno,Propio,1,,PENDIENTE,PENDIENTE,PENDIENTE
Bomba de infusion,AJ0909,Hospira,Plum A+,23057647,Hospitalizacion 5A,PENDIENTE,Bueno,Propio,1,,PENDIENTE,PENDIENTE,PENDIENTE
Cama hospitalaria,01338,Hill-Rom,Advance 2000,1130-29A22-A,Hospitalizacion 5A,PENDIENTE,Bueno,Propio,1,,PENDIENTE,1,5 AÑOS 
Cama hospitalaria,01510,Dometal,NT,NT,Hospitalizacion 5A,PENDIENTE,Bueno,Propio,1,,PENDIENTE,PENDIENTE,PENDIENTE
Flujometro,PENDIENTE_BIO_054,Amvex,Sencillo,NT,Hospitalizacion 5A,PENDIENTE,Bueno,Propio,1,,PENDIENTE,PENDIENTE,PENDIENTE
Bomba de infusion,AJ1939,Hospira,Plum A+,17956117,Hospitalizacion 5A,PENDIENTE,Bueno,Propio,1,,PENDIENTE,PENDIENTE,PENDIENTE
Cama hospitalaria,00285,Los pinos ,740,CH-001,Hospitalizacion 5A,PENDIENTE,Bueno,Propio,1,,PENDIENTE,PENDIENTE,PENDIENTE
Cama hospitalaria,03810,Hill-Rom,Advance 2000,1130-30B31-A,Hospitalizacion 5A,PENDIENTE,Bueno,Propio,1,,PENDIENTE,1,5 AÑOS 
Bomba de infusion,AJ1977,Hospira,Plum A+,17948843,Hospitalizacion 5A,PENDIENTE,Bueno,Propio,1,,PENDIENTE,PENDIENTE,PENDIENTE
Cama hospitalaria,01299,MB,NT,MB-035,Hospitalizacion 5A,PENDIENTE,Bueno,Propio,1,,2024DM-0012181,I,5
Flujometro,PENDIENTE_BIO_055,Amvex,Doble,Fma013940bm / Fma013943bm,Hospitalizacion 5A,PENDIENTE,Bueno,Propio,1,,PENDIENTE,PENDIENTE,PENDIENTE
Cama hospitalaria,01254,Los pinos ,860,49758,Hospitalizacion 5A,PENDIENTE,Bueno,Propio,1,,2023DM-0027454,I,5
Cama hospitalaria,01287,MB,NT,MB-087,Hospitalizacion 5A,PENDIENTE,Bueno,Propio,1,,2024DM-0012181,I,5
Bomba de infusion,AJ1933,Hospira,Plum A+,17954222,Hospitalizacion 5A,PENDIENTE,Bueno,Propio,1,,PENDIENTE,PENDIENTE,PENDIENTE
Cama hospitalaria,01292,Los pinos ,740,50761,Hospitalizacion 5A,PENDIENTE,Bueno,Propio,1,,2023DM-0027454,I,5
Bomba de infusion,AJ1940,Hospira,Plum A+,17956758,Hospitalizacion 5A,PENDIENTE,Bueno,Propio,1,,PENDIENTE,PENDIENTE,PENDIENTE
Flujometro,PENDIENTE_BIO_056,Gentec,Doble,f07202,Hospitalizacion 5A,PENDIENTE,Bueno,Propio,1,,PENDIENTE,PENDIENTE,PENDIENTE
Cama hospitalaria,01371,Los pinos ,740,50741,Hospitalizacion 5A,PENDIENTE,Bueno,Propio,1,,2023DM-0027454,I,5
Bomba de infusion,AJ1982,Hospira,Plum A+,17955811,Hospitalizacion 5A,PENDIENTE,Bueno,Propio,1,,PENDIENTE,PENDIENTE,PENDIENTE
Cama hospitalaria,01291,MB,NT,MB-046,Hospitalizacion 5A,PENDIENTE,Bueno,Propio,1,,2024DM-0012181,I,5
Bomba de infusion,AJ0473,Hospira,Plum360,41406661,Hospitalizacion 5A,PENDIENTE,Bueno,Propio,1,,PENDIENTE,PENDIENTE,PENDIENTE
Desfibrilador,01485,Nihon Kohden,Tec-5531e,00925,Hospitalizacion 5B,PENDIENTE,Bueno,Propio,1,,2019EBC-0002632,IIB,5
Bomba de nutricion,AJ0377,Abbott,Free go,(21)AF18094077,Hospitalizacion 5B,PENDIENTE,Bueno,Propio,1,,2011EBC-0008205,IIB,5
Bomba de infusion,AJ0446,Hospira,Plum360,41408834,Hospitalizacion 5B,PENDIENTE,Bueno,Propio,1,,PENDIENTE,PENDIENTE,PENDIENTE
Tensiometro,01324,welch allyn,Carro,071128212511,Hospitalizacion 5B,PENDIENTE,Bueno,Propio,1,,NO REQUIERE,I,5
Tensiometro,PENDIENTE_BIO_057,ALPK2,Portatil,875113,Hospitalizacion 5B,PENDIENTE,Bueno,Propio,1,,PENDIENTE,PENDIENTE,PENDIENTE
Equipo de organos,PENDIENTE_BIO_058,Lenz,202304,Kit 21,Hospitalizacion 5B,PENDIENTE,Bueno,Propio,1,,PENDIENTE,PENDIENTE,PENDIENTE
Equipo de organos,PENDIENTE_BIO_059,Lenz,202304,Kit 22,Hospitalizacion 5A,PENDIENTE,Bueno,Propio,1,,PENDIENTE,PENDIENTE,PENDIENTE
Electrocardiografo,02136,Mindray,Beneheart R3,FK-33035631,Hospitalizacion 5B,PENDIENTE,Bueno,Propio,1,,2018DM-0003378R1,IIA,PENDIENTE
Monitor de signos,01312,Comen,C30,K3200526018,Hospitalizacion 5B,PENDIENTE,Bueno,Propio,1,,2015EBC-0013161,IIB,5
Monitor de signos,01381,Mindray,Umec10,KN-99051634,Hospitalizacion 5B,PENDIENTE,Bueno,Propio,1,,2019EBC-0003486,IIB,10
Laringoscopio,01159,Welch allyn,60813,NT,Hospitalizacion 5B,PENDIENTE,Bueno,Propio,1,,2008DM-0001919,I,5
Bascula,PENDIENTE_BIO_060,Kex german,EB-9003,CC-0025,Hospitalizacion 5B,PENDIENTE,Bueno,Propio,1,,PENDIENTE,PENDIENTE,PENDIENTE
Cama hospitalaria,01232,Hill-Rom,Century,HR-020,Hospitalizacion 5B,PENDIENTE,Bueno,Propio,1,,PENDIENTE,1,5 AÑOS 
Cama hospitalaria,0281,MB,NT,MB-001,Hospitalizacion 5B,PENDIENTE,Bueno,Propio,1,,2024DM-0012181-R1,I,5
Cama hospitalaria,01337,Stryker,Secure 3000,202003,Hospitalizacion 5B,PENDIENTE,Bueno,Propio,1,,PENDIENTE,1,5 AÑOS
Cama hospitalaria,01376,MB,NT,MB-088,Hospitalizacion 5B,PENDIENTE,Bueno,Propio,1,,2024DM-0012181-R1,I,5
Bomba de infusion,AJ0338,Hospira,Plum A+,17949573,Hospitalizacion 5B,PENDIENTE,Bueno,Propio,1,,PENDIENTE,PENDIENTE,PENDIENTE
Cama hospitalaria,01252,MB,NT,MB-074,Hospitalizacion 5B,PENDIENTE,Bueno,Propio,1,,PENDIENTE,PENDIENTE,PENDIENTE
Cama hospitalaria,01330,MB,NT,MB-040,Hospitalizacion 5B,PENDIENTE,Bueno,Propio,1,,2024DM-0012181-R1,I,5
Cama hospitalaria,01339,Hill-Rom,Advance 2000,1105-50D61,Hospitalizacion 5B,PENDIENTE,Bueno,Propio,1,,PENDIENTE,1,5 AÑOS 
Bomba de infusion,AJ0589,Hospira,Plum A+,18462893,Hospitalizacion 5B,PENDIENTE,Bueno,Propio,1,,PENDIENTE,PENDIENTE,PENDIENTE
Bomba de infusion,AJ1954,Hospira,Plum A+,17955860,Hospitalizacion 5B,PENDIENTE,Bueno,Propio,1,,PENDIENTE,PENDIENTE,PENDIENTE
Bomba de infusion,AJ4186,Hospira,Plum A+,17949332,Hospitalizacion 5B,PENDIENTE,Bueno,Propio,1,,PENDIENTE,PENDIENTE,PENDIENTE
Succionador,01230,Vacutron,flujometro,M50287,Hospitalizacion 5B,PENDIENTE,Bueno,Propio,1,,PENDIENTE,PENDIENTE,PENDIENTE
Cama hospitalaria,01316,MB,NT,MB-023,Hospitalizacion 5B,PENDIENTE,Bueno,Propio,1,,2024DM-0012181-R1,I,5
Cama hospitalaria,01494,MB,NT,MB-099,Hospitalizacion 5B,PENDIENTE,Bueno,Propio,1,,2024DM-0012181-R1,I,5
Flujometro,PENDIENTE_BIO_061,Acare,NT,Fma013972bm,Hospitalizacion 5B,PENDIENTE,Bueno,Propio,1,,PENDIENTE,PENDIENTE,PENDIENTE
Cama hospitalaria,01501,Hill-Rom,Century,HR-022,Hospitalizacion 5B,PENDIENTE,Bueno,Propio,1,,PENDIENTE,1,5 AÑOS 
Cama hospitalaria,01231,Los pinos ,740,50749,Hospitalizacion 5B,PENDIENTE,Bueno,Propio,1,,2023DM-0027454,I,5
Bomba de infusion,AJ0495,Hospira,Plum A+,18467018,Hospitalizacion 5B,PENDIENTE,Bueno,Propio,1,,PENDIENTE,PENDIENTE,PENDIENTE
Flujometro,PENDIENTE_BIO_062,Acare,Sencillo,1340546,Hospitalizacion 5B,PENDIENTE,Bueno,Propio,1,,PENDIENTE,PENDIENTE,PENDIENTE
Cama hospitalaria,01507,MB,NT,MB-025,Hospitalizacion 5B,PENDIENTE,Bueno,Propio,1,,2024DM-0012181-R1,I,5
Cama hospitalaria,01255,Dometal,NT,798,Hospitalizacion 5B,PENDIENTE,Bueno,Propio,1,,PENDIENTE,PENDIENTE,PENDIENTE
Bomba de infusion,AJ0461,Hospira,Plum A+,18442797,Hospitalizacion 5B,PENDIENTE,Bueno,Propio,1,,PENDIENTE,PENDIENTE,PENDIENTE
Flujometro,PENDIENTE_BIO_063,Amvex,Sencillo,Fma013992bm,Hospitalizacion 5B,PENDIENTE,Bueno,Propio,1,,PENDIENTE,PENDIENTE,PENDIENTE
Cama hospitalaria,01224,MB,NT,MB-085,Hospitalizacion 5B,PENDIENTE,Bueno,Propio,1,,2024DM-0012181-R1,I,5
Cama hospitalaria,01278,Los pinos ,740,50756,Hospitalizacion 5B,PENDIENTE,Bueno,Propio,1,,2023DM-0027454,I,5
Bomba de infusion,AJ1961,Hospira,Plum A+,23055716,Hospitalizacion 5B,PENDIENTE,Bueno,Propio,1,,PENDIENTE,PENDIENTE,PENDIENTE
Cama hospitalaria,01220,MB,NT,MB-007,Hospitalizacion 5B,PENDIENTE,Bueno,Propio,1,,2024DM-0012181-R1,I,5
Cama hospitalaria,01309,MB,NT,MB-082,Hospitalizacion 5B,PENDIENTE,Bueno,Propio,1,,2024DM-0012181-R1,I,5
Flujometro,PENDIENTE_BIO_064,Oxygen,Sencillo,M50296,Hospitalizacion 5B,PENDIENTE,Bueno,Propio,1,,PENDIENTE,PENDIENTE,PENDIENTE
Cama hospitalaria,01222,MB,NT,MB-003,Hospitalizacion 5B,PENDIENTE,Bueno,Propio,1,,2024DM-0012181-R1,I,5
Cama hospitalaria,01264,Dometal,NT,365,Hospitalizacion 5B,PENDIENTE,Bueno,Propio,1,,2014DM-0010936,I,5
Bomba de infusion,AJ0393,Hospira,Plum360,41408660,Hospitalizacion 5B,PENDIENTE,Bueno,Propio,1,,PENDIENTE,PENDIENTE,PENDIENTE
Cama hospitalaria,01277,MB,NT,MB-015,Hospitalizacion 5B,PENDIENTE,Bueno,Propio,1,,2024DM-0012181-R1,I,5
Cama hospitalaria,01258,Stryker,2030,0911033036,Hospitalizacion 5B,PENDIENTE,Bueno,Propio,1,,PENDIENTE,1,5 AÑOS
Bomba de infusion,AJ0919,Hospira,Plum A+,21396927,Hospitalizacion 5B,PENDIENTE,Bueno,Propio,1,,PENDIENTE,PENDIENTE,PENDIENTE
Bomba de infusion,AJ0604,Hospira,Plum A+,23056151,Hospitalizacion 5B,PENDIENTE,Bueno,Propio,1,,PENDIENTE,PENDIENTE,PENDIENTE
Cama hospitalaria,01311,MB,NT,MB-050,Hospitalizacion 5B,PENDIENTE,Bueno,Propio,1,,2024DM-0012181-R1,I,5
Bomba de infusion,AJ0587,Hospira,Plum A+,18439657,Hospitalizacion 5B,PENDIENTE,Bueno,Propio,1,,PENDIENTE,PENDIENTE,PENDIENTE
Cama hospitalaria,01237,Los pinos ,860,49753,Hospitalizacion 5B,PENDIENTE,Bueno,Propio,1,,2023DM-0027454,I,5
Bomba de infusion,AJ0323,Hospira,Plum A+,23066227,Hospitalizacion 5B,PENDIENTE,Bueno,Propio,1,,PENDIENTE,PENDIENTE,PENDIENTE
Cama hospitalaria,01267,Hill-Rom,Advance 2000,NT,Hospitalizacion 5B,PENDIENTE,Bueno,Propio,1,,PENDIENTE,1,5 AÑOS 
Cama hospitalaria,01249,Hill-Rom,Advance 2000,HR-051,Hospitalizacion 5B,PENDIENTE,Bueno,Propio,1,,PENDIENTE,PENDIENTE,PENDIENTE
Bomba de infusion,AJ1970,Hospira,Plum A+,17948741,Hospitalizacion 5B,PENDIENTE,Bueno,Propio,1,,PENDIENTE,PENDIENTE,PENDIENTE
Cama hospitalaria,01276,MB,NT,MB-014,Hospitalizacion 5B,PENDIENTE,Bueno,Propio,1,,2024DM-0012181-R1,I,5
Bomba de infusion,AJ1948,Hospira,Plum A+,23056401,Hospitalizacion 5B,PENDIENTE,Bueno,Propio,1,,PENDIENTE,PENDIENTE,PENDIENTE
Cama hospitalaria,01219,Los pinos ,740,50757,Hospitalizacion 5B,PENDIENTE,Bueno,Propio,1,,2023DM-0027454,I,5
Bomba de infusion,AJ0907,Hospira,Plum A+,17952265,Hospitalizacion 5B,PENDIENTE,Bueno,Propio,1,,PENDIENTE,PENDIENTE,PENDIENTE
Cama hospitalaria,01327,MB,NT,MB-049,Hospitalizacion 5B,PENDIENTE,Bueno,Propio,1,,2024DM-0012181-R1,I,5
Cama hospitalaria,01315,MB,NT,MB-024,Hospitalizacion 5B,PENDIENTE,Bueno,Propio,1,,2024DM-0012181-R1,I,5
Cama hospitalaria,01313,MB,NT,MB-044,Hospitalizacion 5B,PENDIENTE,Bueno,Propio,1,,2024DM-0012181-R1,I,5
Bomba de infusion,AJ0475,Hospira,Plum A+,18442671,Hospitalizacion 5B,PENDIENTE,Bueno,Propio,1,,PENDIENTE,PENDIENTE,PENDIENTE
Cama hospitalaria,01227,MB,NT,MB-100,Hospitalizacion 5B,PENDIENTE,Bueno,Propio,1,,2024DM-0012181-R1,I,5
Cama hospitalaria,01503,MB,NT,MB-030,Hospitalizacion 5B,PENDIENTE,Bueno,Propio,1,,2024DM-0012181-R1,I,5
Flujometro,PENDIENTE_BIO_065,Oxygen,Doble,Fma013967bm / Fma013936bm,Hospitalizacion 5B,PENDIENTE,Bueno,Propio,1,,PENDIENTE,PENDIENTE,PENDIENTE
Cama hospitalaria,01320,MB,NT,MB-089,Hospitalizacion 5B,PENDIENTE,Bueno,Propio,1,,2024DM-0012181-R1,I,5
Cama hospitalaria,01286,Los pinos ,740,50759,Hospitalizacion 5B,PENDIENTE,Bueno,Propio,1,,2023DM-0027454,I,5
Flujometro,PENDIENTE_BIO_066,Acare,Doble,1340384 / Fma013842bm,Hospitalizacion 5B,PENDIENTE,Bueno,Propio,1,,PENDIENTE,PENDIENTE,PENDIENTE
Desfibrilador,01340,Mindray,Beneheart D3,EZ-03035184,UCI A,PENDIENTE,Bueno,Propio,1,,2020EBC-0005463,IIB,5
Laringoscopio,02041,Welch allyn,60813,NT,UCI A,PENDIENTE,Bueno,Propio,1,,PENDIENTE,I,5
Calentador de paciente,01473,Nellcor,5015300A,CI0911J102,UCI A,PENDIENTE,Bueno,Propio,1,,2006DM-0000256,IIA,5
Calentador de paciente,PENDIENTE_BIO_067,Nellcor,5015300A,CI0911J161,UCI A,PENDIENTE,Bueno,Propio,1,,2006DM-0000256,IIA,5
Bomba de infusion,AJ0441,Hospira,Plum A+,18441609,UCI A,PENDIENTE,Bueno,Propio,1,,PENDIENTE,PENDIENTE,PENDIENTE
Bomba de infusion,AJ1974,Hospira,Plum A+,23057142,UCI A,PENDIENTE,Bueno,Propio,1,,PENDIENTE,PENDIENTE,PENDIENTE
Bomba de infusion,AJ0579,Hospira,Plum A+,18443722,UCI A,PENDIENTE,Bueno,Propio,1,,PENDIENTE,PENDIENTE,PENDIENTE
Bomba de infusion,PENDIENTE_BIO_068,Hospira,Plum A+,18447537,UCI A,PENDIENTE,Bueno,Propio,1,,PENDIENTE,PENDIENTE,PENDIENTE
Bomba de infusion,AJ0313,Hospira,Plum A+,18449566,UCI A,PENDIENTE,Bueno,Propio,1,,PENDIENTE,PENDIENTE,PENDIENTE
Bomba de infusion,AJ0607,Hospira,Plum A+,17949075,UCI A,PENDIENTE,Bueno,Propio,1,,PENDIENTE,PENDIENTE,PENDIENTE
Bomba de infusion,AJ0324,Hospira,Plum A+,17949244,UCI A,PENDIENTE,Bueno,Propio,1,,PENDIENTE,PENDIENTE,PENDIENTE
Bomba de infusion,AJ0372,Hospira,Plum A+,23055986,UCI A,PENDIENTE,Bueno,Propio,1,,PENDIENTE,PENDIENTE,PENDIENTE
Bomba de nutricion,AJ0458,Abbott,Free go,(21)AF18083023,UCI A,PENDIENTE,Bueno,Propio,1,,2011EBC-0008205,PENDIENTE,PENDIENTE
Bomba de nutricion,AJ0480,Abbott,Free go,(21)AF18099026,UCI A,PENDIENTE,Bueno,Propio,1,,2011EBC-0008205,IIB,5
Bomba de nutricion,AJ0031,Abbott,Free go,(21)AF18083024,UCI A,PENDIENTE,Bueno,Propio,1,,2011EBC-0008205,PENDIENTE,PENDIENTE
Monitor de signos,01454,Mindray,Mec-1200,CC-8C107173,UCI A,PENDIENTE,Bueno,Propio,1,,2019EBC-0003486,IIB,5
Infusor,PENDIENTE_BIO_069,Riester,Metpak,200923834,UCI A,PENDIENTE,Bueno,Propio,1,,2011DM-0008031,I,5
Infusor,PENDIENTE_BIO_070,Riester,Metpak,200923777,UCI A,PENDIENTE,Bueno,Propio,1,,2011DM-0008031,I,5
Infusor,PENDIENTE_BIO_071,Riester,Metpak,200923760,UCI A,PENDIENTE,Bueno,Propio,1,,2011DM-0008031,I,5
Infusor,PENDIENTE_BIO_072,Riester,Metpak,200923785,UCI A,PENDIENTE,Bueno,Propio,1,,2011DM-0008031,I,5
Infusor,PENDIENTE_BIO_073,Riester,Metpak,200923960,UCI A,PENDIENTE,Bueno,Propio,1,,2011DM-0008031,I,5
Infusor,PENDIENTE_BIO_074,Riester,Metpak,200923780,UCI A,PENDIENTE,Bueno,Propio,1,,PENDIENTE,PENDIENTE,PENDIENTE
Infusor,PENDIENTE_BIO_075,Riester,Metpak,200923779,UCI A,PENDIENTE,Bueno,Propio,1,,2011DM-0008031,I,5
Infusor,PENDIENTE_BIO_076,Erka,NT,13028427,UCI A,PENDIENTE,Bueno,Propio,1,,PENDIENTE,I,10
Maquina de gases,PENDIENTE_BIO_077,ABL,90flex,I393-090R1067N0024,UCI A,PENDIENTE,Bueno,Propio,1,,2008EBC-0002381,IIA,10
Maquina de gases,AJ0686,ABL,90flex,I393-090R0892N0028,UCI A,PENDIENTE,Bueno,Propio,1,,2008EBC-0002381,IIA,10
Termohigrometro,02300,KTJ,TA318,Mkth3214,UCI A,PENDIENTE,Bueno,Propio,1,,PENDIENTE,I,5
Cama hospitalaria,01377,Stryker,2030,0910034144,UCI A,PENDIENTE,Bueno,Propio,1,,PENDIENTE,1,5 AÑOS
Monitor de signos,01430,Mindray,T5,CM-94106558,Taller biomedico,PENDIENTE,Bueno,Propio,1,,2019EBC-0003486,IIB,10
Bomba de infusion,AJ0583,Hospira,Plum A+,18443341,UCI A,PENDIENTE,Bueno,Propio,1,,PENDIENTE,PENDIENTE,PENDIENTE
Bomba de infusion,AJ0426,Hospira,Plum A+,18445006,UCI A,PENDIENTE,Bueno,Propio,1,,PENDIENTE,PENDIENTE,PENDIENTE
Bomba de infusion,AJ4196,Hospira,Plum A+,17951243,UCI A,PENDIENTE,Bueno,Propio,1,,PENDIENTE,PENDIENTE,PENDIENTE
Bomba de infusion,AJ3185,Hospira,Plum A+,18449367,UCI A,PENDIENTE,Bueno,Propio,1,,PENDIENTE,PENDIENTE,PENDIENTE
Bomba de nutricion,AJ0442,Abbott,Free go,(21)AF14168004,UCI A,PENDIENTE,Bueno,Propio,1,,2011EBC-0008205,IIB,5
Regulador de succion,01467,NT,NT,VAC01,UCI A,PENDIENTE,Bueno,Propio,1,,PENDIENTE,PENDIENTE,PENDIENTE
Cama hospitalaria,01345,Stryker,2030,0911033013,UCI A,PENDIENTE,Bueno,Propio,1,,PENDIENTE,1,5 AÑOS
Monitor de signos,01407,General Electric,B20,SGF12333509WA,UCI A,PENDIENTE,Bueno,Propio,1,,2019EBC-0001978,I,5
Bomba de infusion,AJ0364,Hospira,Plum A+,23055462,UCI A,PENDIENTE,Bueno,Propio,1,,PENDIENTE,PENDIENTE,PENDIENTE
Bomba de infusion,AJ4182,Hospira,Plum A+,21306534,UCI A,PENDIENTE,Bueno,Propio,1,,PENDIENTE,PENDIENTE,PENDIENTE
Bomba de infusion,AJ1931,Hospira,Plum A+,23056034,UCI A,PENDIENTE,Bueno,Propio,1,,PENDIENTE,PENDIENTE,PENDIENTE
Bomba de infusion,AJ0457,Hospira,Plum360,41408792,UCI A,PENDIENTE,Bueno,Propio,1,,PENDIENTE,PENDIENTE,PENDIENTE
Flujometro,CLI0323,Amvex,Sencillo,Fma007443gl,UCI A,PENDIENTE,Bueno,Propio,1,,PENDIENTE,PENDIENTE,PENDIENTE
Cama hospitalaria,PENDIENTE_BIO_078,Los pinos ,840,504765,UCI A,PENDIENTE,Bueno,Propio,1,,2023DM-0027454,I,5
Monitor de signos,01422,Bistos,BT-770,DGL51009,UCI A,PENDIENTE,Bueno,Propio,1,,20-0068070,IIA,5
Ventilador mecanico,01482,Puritan bennett,PB840,3512120137,UCI A,PENDIENTE,Bueno,Propio,1,,2008EBC-0001832,IIB,5
Bomba de infusion,AJ0030,Hospira,Plum A+,17948208,UCI A,PENDIENTE,Bueno,Propio,1,,PENDIENTE,PENDIENTE,PENDIENTE
Bomba de infusion,AJ0597,Hospira,Plum A+,75244950,UCI A,PENDIENTE,Bueno,Propio,1,,PENDIENTE,PENDIENTE,PENDIENTE
Bomba de infusion,AJ0479,Hospira,Plum A+,17951498,UCI A,PENDIENTE,Bueno,Propio,1,,PENDIENTE,PENDIENTE,PENDIENTE
Bomba de infusion,AJ0451,Hospira,Plum360,41406670,UCI A,PENDIENTE,Bueno,Propio,1,,PENDIENTE,PENDIENTE,PENDIENTE
Flujometro,PENDIENTE_BIO_079,Pahsco,Sencillo,15009741,UCI A,PENDIENTE,Bueno,Propio,1,,PENDIENTE,PENDIENTE,PENDIENTE
Regulador de succion,01436,Gentec,882VR-300-CH-T,NT,UCI A,PENDIENTE,Bueno,Propio,1,,PENDIENTE,PENDIENTE,PENDIENTE
Cama hospitalaria,01415,Stryker,2030,0911033025,UCI A,PENDIENTE,Bueno,Propio,1,,PENDIENTE,1,5 AÑOS
Monitor de signos,AJ0379,Drager,Vista 120s,S2SNE3459,UCI A,PENDIENTE,Bueno,Propio,1,,2011EBC-0007844,IIB,10
Monitor de signos,AJ0391,Drager,Vista 120s,S2SNE3467,UCI A,PENDIENTE,Bueno,Propio,1,,2011EBC-0007844,IIB,10
Bomba de infusion,AJ0304,Hospira,Plum A+,75240942,UCI A,PENDIENTE,Bueno,Propio,1,,PENDIENTE,PENDIENTE,PENDIENTE
Bomba de infusion,AJ0386,Hospira,Plum A+,17947656,UCI A,PENDIENTE,Bueno,Propio,1,,PENDIENTE,PENDIENTE,PENDIENTE
Bomba de infusion,AJ0444,Hospira,Plum A+,23056240,UCI A,PENDIENTE,Bueno,Propio,1,,PENDIENTE,PENDIENTE,PENDIENTE
Bomba de infusion,PENDIENTE_BIO_080,Hospira,Plum A+,18442511,UCI A,PENDIENTE,Bueno,Propio,1,,PENDIENTE,PENDIENTE,PENDIENTE
Regulador de succion, 01417 / 6105040548 ,Precision medical,Pm3100,109429,UCI A,PENDIENTE,Bueno,Propio,1,,PENDIENTE,PENDIENTE,PENDIENTE
Cama hospitalaria,01321,Stryker,Secure 3000,202007,UCI A,PENDIENTE,Bueno,Propio,1,,PENDIENTE,I,5 AÑOS
Cama hospitalaria,01356,Stryker,2030,0911033012,UCI A,PENDIENTE,Bueno,Propio,1,,PENDIENTE,I,5 AÑOS
Monitor de signos,AJ0390,Drager,Vista 120s,S2SNE3274,UCI A,PENDIENTE,Bueno,Propio,1,,2011EBC-0007844,IIB,10
Bomba de infusion,AJ0400,Hospira,Plum A+,18447616,UCI A,PENDIENTE,Bueno,Propio,1,,PENDIENTE,PENDIENTE,PENDIENTE
Bomba de infusion,AJ0595,Hospira,Plum A+,18438024,UCI A,PENDIENTE,Bueno,Propio,1,,PENDIENTE,PENDIENTE,PENDIENTE
Bomba de infusion,AJ0450,Hospira,Plum A+,17948094,UCI A,PENDIENTE,Bueno,Propio,1,,PENDIENTE,PENDIENTE,PENDIENTE
Bomba de infusion,PENDIENTE_BIO_081,Hospira,Plum A+,18439669,UCI A,PENDIENTE,Bueno,Propio,1,,PENDIENTE,PENDIENTE,PENDIENTE
Bomba de infusion,AJ0361,Hospira,Plum360,41406662,UCI A,PENDIENTE,Bueno,Propio,1,,PENDIENTE,PENDIENTE,PENDIENTE
Bomba de nutricion,AJ1986,Abbott,Free go,(21)AF2233181,UCI A,PENDIENTE,Bueno,Propio,1,,2011EBC-0008205,PENDIENTE,PENDIENTE
Ventilador mecanico,AJ0448,Tecme,Neumovent TS,200445651083A1V,UCI A,PENDIENTE,Bueno,Propio,1,,2019EBC-0020481,IIB,10
Flujometro,PENDIENTE_BIO_082,Aramed,Sencillo,NT,UCI A,PENDIENTE,Bueno,Propio,1,,PENDIENTE,PENDIENTE,PENDIENTE
Regulador de succion,01433,Ohmeda,NT,NT,UCI A,PENDIENTE,Bueno,Propio,1,,PENDIENTE,PENDIENTE,PENDIENTE
Cama hospitalaria,0355,Los pinos ,980,500344,UCI A,PENDIENTE,Bueno,Propio,1,,PENDIENTE,PENDIENTE,PENDIENTE
Monitor de signos,01448,General Electric,B20,SGF12313388WA,UCI A,PENDIENTE,Bueno,Propio,1,,2019EBC-0001978,IIB,5
Ventilador mecanico,AJ0421,Tecme,Neumovent TS,200445681083A1V,UCI A,PENDIENTE,Bueno,Propio,1,,2019EBC-0020481,IIB,10
Bomba de infusion,0863,Hospira,Plum A+,17957337,UCI A,PENDIENTE,Bueno,Propio,1,,PENDIENTE,PENDIENTE,PENDIENTE
Bomba de infusion,AJ0315,Hospira,Plum A+,18447034,UCI A,PENDIENTE,Bueno,Propio,1,,PENDIENTE,PENDIENTE,PENDIENTE
Bomba de infusion,AJ0307,Hospira,Plum A+,18448911,UCI A,PENDIENTE,Bueno,Propio,1,,PENDIENTE,PENDIENTE,PENDIENTE
Bomba de infusion,AJ1621,Hospira,Plum360,41408633,UCI A,PENDIENTE,Bueno,Propio,1,,PENDIENTE,PENDIENTE,PENDIENTE
Bomba de nutricion,AJ1994,Abbott,Free go,(21)AF22333189,UCI A,PENDIENTE,Bueno,Propio,1,,2011EBC-0008205,IIB,5
Regulador de succion,01354, NT,NT,NT,UCI A,PENDIENTE,Bueno,Propio,1,,PENDIENTE,PENDIENTE,PENDIENTE
Cama hospitalaria,01459,Dometal,Quaxar,81168,UCI A,PENDIENTE,Bueno,Propio,1,,2014DM-0010936,I,10
Monitor de signos,01440,Mindray,T5,CM-94106569,UCI A,PENDIENTE,Bueno,Propio,1,,2019EBC-0003486,IIB,10
Bomba de infusion,AJ0365,Hospira,Plum A+,18442792,UCI A,PENDIENTE,Bueno,Propio,1,,PENDIENTE,PENDIENTE,PENDIENTE
Bomba de infusion,AJ0388,Hospira,Plum A+,18442738,UCI A,PENDIENTE,Bueno,Propio,1,,PENDIENTE,PENDIENTE,PENDIENTE
Bomba de infusion,AJ0401,Hospira,Plum A+,17957186,UCI A,PENDIENTE,Bueno,Propio,1,,PENDIENTE,PENDIENTE,PENDIENTE
Bomba de infusion,AJ0610,Hospira,Plum A+,17951774,UCI A,PENDIENTE,Bueno,Propio,1,,PENDIENTE,PENDIENTE,PENDIENTE
Bomba de infusion,AJ0596,Hospira,Plum360,18442569,UCI A,PENDIENTE,Bueno,Propio,1,,PENDIENTE,PENDIENTE,PENDIENTE
Ventilador mecanico,00470,Aeonmed,VG70,VG70(U)XZZS37045,UCI A,PENDIENTE,Bueno,Propio,1,,2013DM-0010854,IIB,7
Flujometro,PENDIENTE_BIO_083,Aramed,Sencillo,NT,UCI A,PENDIENTE,Bueno,Propio,1,,PENDIENTE,PENDIENTE,PENDIENTE
Regulador de succion,01453,NT,NT,NT,UCI A,PENDIENTE,Bueno,Propio,1,,PENDIENTE,PENDIENTE,PENDIENTE
Bomba de nutricion,AJ03556,Abbott,Free go,(21)AF12168041,UCI A,PENDIENTE,Bueno,Propio,1,,2011EBC-0008205,IIB,5
Electrocardiografo,01361 / 00896,Edan,SE-3,309025-M12500970057,UCI A,PENDIENTE,Bueno,Propio,1,,2007DM-0001038,IIA,5
Cama hospitalaria,01466,Los pinos ,980,500337,UCI A,PENDIENTE,Bueno,Propio,1,,2023DM-0027454,I,5
Bomba de infusion,AJ0404,Hospira,Plum A+,17948894,UCI A,PENDIENTE,Bueno,Propio,1,,PENDIENTE,PENDIENTE,PENDIENTE
Bomba de infusion,AJ4191,Hospira,Plum A+,17951165,UCI A,PENDIENTE,Bueno,Propio,1,,PENDIENTE,PENDIENTE,PENDIENTE
Bomba de infusion,AJ0582,Hospira,Plum A+,7540208,UCI A,PENDIENTE,Bueno,Propio,1,,PENDIENTE,PENDIENTE,PENDIENTE
Bomba de infusion,AJ0417,Hospira,Plum A+,17952041,UCI A,PENDIENTE,Bueno,Propio,1,,PENDIENTE,PENDIENTE,PENDIENTE
Regulador de succion,01409,Pahsco,Wika,NT,UCI A,PENDIENTE,Bueno,Propio,1,,PENDIENTE,PENDIENTE,PENDIENTE
Monitor de signos,01446,General Electric,B650,SEW13016112HA,UCI A,PENDIENTE,Bueno,Propio,1,,2019EBC-0001978,IIB,5
Ventilador mecanico,01425,Puritan bennett,PB840,3512120103,UCI A,PENDIENTE,Bueno,Propio,1,,2008EBC-0001832,IIB,5
Cama hospitalaria,01423,Stryker,2030,0911033008,UCI A,PENDIENTE,Bueno,Propio,1,,PENDIENTE,I,5
Bomba de infusion,AJ0336,Hospira,Plum A+,23067320,UCI A,PENDIENTE,Bueno,Propio,1,,PENDIENTE,PENDIENTE,PENDIENTE
Bomba de infusion,AJ1972,Hospira,Plum A+,230567802,UCI A,PENDIENTE,Bueno,Propio,1,,PENDIENTE,PENDIENTE,PENDIENTE
Bomba de infusion,AJ0590,Hospira,Plum A+,21400487,UCI A,PENDIENTE,Bueno,Propio,1,,PENDIENTE,PENDIENTE,PENDIENTE
Bomba de infusion,PENDIENTE_BIO_084,Hospira,Plum A+,18442032,UCI A,PENDIENTE,Bueno,Propio,1,,PENDIENTE,PENDIENTE,PENDIENTE
Bomba de infusion,AJ0004,Hospira,Plum A+,18466961,UCI A,PENDIENTE,Bueno,Propio,1,,PENDIENTE,PENDIENTE,PENDIENTE
Bomba de nutricion,AJ0395,Abbott,Free go,(21)AF18083026,UCI A,PENDIENTE,Bueno,Propio,1,,2011EBC-0008205,PENDIENTE,PENDIENTE
Regulador de succion,01438,Gentec,882VR,NT,UCI A,PENDIENTE,Bueno,Propio,1,,PENDIENTE,PENDIENTE,PENDIENTE
Ventilador mecanico,01414,Newport,E-360,N07361211833,UCI A,PENDIENTE,Bueno,Propio,1,,2010EBC-0006094,IIB,5
Cama hospitalaria,01223 / 03813,Stryker,Secure 3000,202001,UCI A,PENDIENTE,Bueno,Propio,1,,PENDIENTE,I,5
Bomba de infusion,AJ0406,Hospira,Plum A+,17949399,UCI A,PENDIENTE,Bueno,Propio,1,,PENDIENTE,PENDIENTE,PENDIENTE
Bomba de infusion,AJ0470,Hospira,Plum A+,17951518,UCI A,PENDIENTE,Bueno,Propio,1,,PENDIENTE,PENDIENTE,PENDIENTE
Bomba de infusion,AJ0463,Hospira,Plum360,41406653,UCI A,PENDIENTE,Bueno,Propio,1,,PENDIENTE,PENDIENTE,PENDIENTE
Flujometro,CLI0324,Amvex,Sencillo,Fma011518fk,UCI A,PENDIENTE,Bueno,Propio,1,,PENDIENTE,PENDIENTE,PENDIENTE
Regulador de succion,109419,Precision medical,Pm3100,1094014,UCI A,PENDIENTE,Bueno,Propio,1,,PENDIENTE,PENDIENTE,PENDIENTE
Monitor de signos,01416,General Electric,B20,SGF12333523WA,UCI A,PENDIENTE,Bueno,Propio,1,,2019EBC-0001978,IIB,5
Cama hospitalaria,01350,Los pinos ,980,500345,UCI A,PENDIENTE,Bueno,Propio,1,,2023DM-0027454,IIB,5
Ventilador mecanico,AJ0378,Aeonmed,VG70,VG70(U)XZZS37080,UCI A,PENDIENTE,Bueno,Propio,1,,2013DM-0010854,IIB,7
Bomba de infusion,AJ1943,Hospira,Plum A+,17948805,UCI A,PENDIENTE,Bueno,Propio,1,,PENDIENTE,PENDIENTE,PENDIENTE
Bomba de infusion,AJ4198,Hospira,Plum A+,21401583,UCI A,PENDIENTE,Bueno,Propio,1,,PENDIENTE,PENDIENTE,PENDIENTE
Bomba de infusion,AJ0447,Hospira,Plum360,41406666,UCI A,PENDIENTE,Bueno,Propio,1,,PENDIENTE,PENDIENTE,PENDIENTE
Bomba de infusion,AJ0488,Hospira,Plum360,41406655,UCI A,PENDIENTE,Bueno,Propio,1,,PENDIENTE,PENDIENTE,PENDIENTE
Bomba de nutricion,PENDIENTE_BIO_085,Abbott,Free go,(21)AF14168001,UCI A,PENDIENTE,Bueno,Propio,1,,2011EBC-0008205,IIB,5
Flujometro,PENDIENTE_BIO_086,Oxygen,Sencillo,NT,UCI A,PENDIENTE,Bueno,Propio,1,,PENDIENTE,PENDIENTE,PENDIENTE
Regulador de succion,01413,Precision medical,Pm3100,109433,UCI A,PENDIENTE,Bueno,Propio,1,,PENDIENTE,PENDIENTE,PENDIENTE
Monitor de signos,01420,General Electric,B20,SGF12323498WA,UCI A,PENDIENTE,Bueno,Propio,1,,2019EBC-0001978,IIB,5
Cama hospitalaria,01359,Los pinos ,980,500348,UCI A,PENDIENTE,Bueno,Propio,1,,2023DM-0027454,I,5
Bomba de infusion,AJ4181,Hospira,Plum A+,75240919,UCI A,PENDIENTE,Bueno,Propio,1,,PENDIENTE,PENDIENTE,PENDIENTE
Bomba de infusion,AJ0308,Hospira,Plum A+,18461308,UCI A,PENDIENTE,Bueno,Propio,1,,PENDIENTE,PENDIENTE,PENDIENTE
Bomba de infusion,AJ4188,Hospira,Plum A+,23057055,UCI A,PENDIENTE,Bueno,Propio,1,,PENDIENTE,PENDIENTE,PENDIENTE
Bomba de infusion,AJ0329,Hospira,Plum A+,17949148,UCI A,PENDIENTE,Bueno,Propio,1,,PENDIENTE,PENDIENTE,PENDIENTE
Flujometro,PENDIENTE_BIO_087,Pahsco,Sencillo,15009741,UCI A,PENDIENTE,Bueno,Propio,1,,PENDIENTE,PENDIENTE,PENDIENTE
Regulador de succion,01447,Drager,NT,NT,UCI A,PENDIENTE,Bueno,Propio,1,,PENDIENTE,PENDIENTE,PENDIENTE
Monitor de signos,01388,Mindray,T5,CM-94106563,UCI A,PENDIENTE,Bueno,Propio,1,,2019EBC-0003486,IIB,10
Ventilador mecanico,00465,Leistung ,Luft 3,N02149,UCI A,PENDIENTE,Bueno,Propio,1,,2015EBC-0013801,IIB,10
Cama hospitalaria,01427,Stryker,2030,0911033037,UCI A,PENDIENTE,Bueno,Propio,1,,PENDIENTE,I,5
Ventilador mecanico,01451,Puritan bennett,PB840,3121219400,UCI A,PENDIENTE,Bueno,Propio,1,,2008EBC-0001832,IIB,5
Monitor de signos,01441,Bistos,BT-770,DGL51008,UCI A,PENDIENTE,Bueno,Propio,1,,NO REGISTRA,IIA,5
Bomba de infusion,AJ1968,Hospira,Plum A+,17957314,UCI A,PENDIENTE,Bueno,Propio,1,,PENDIENTE,PENDIENTE,PENDIENTE
Bomba de infusion,AJ0380,Hospira,Plum A+,17956295,UCI A,PENDIENTE,Bueno,Propio,1,,PENDIENTE,PENDIENTE,PENDIENTE
Bomba de infusion,AJ0902,Hospira,Plum A+,75241520,UCI A,PENDIENTE,Bueno,Propio,1,,PENDIENTE,PENDIENTE,PENDIENTE
Bomba de infusion,AJ1938,Hospira,Plum A+,17957400,UCI A,PENDIENTE,Bueno,Propio,1,,PENDIENTE,PENDIENTE,PENDIENTE
Flujometro,PENDIENTE_BIO_088,Gentec,Fm197b-15l-ch,61k20040596/053,UCI A,PENDIENTE,Bueno,Propio,1,,2019DM-0019944,IIA,4
Regulador de succion,01450,Pahsco,Wika,CC0028,UCI A,PENDIENTE,Bueno,Propio,1,,2014DM-0011125,IIA,5
Laringoscopio,01164,Welch allyn,60813,NT,UCI B,PENDIENTE,Bueno,Propio,1,,PENDIENTE,PENDIENTE,PENDIENTE
Cama hospitalaria,01351,Dometal,Quaxar,79809,UCI B,PENDIENTE,Bueno,Propio,1,,2014DM-0010936,I,10
Monitor de signos,AJ0462,Drager,Vista 120s,S2SNE3475,UCI B,PENDIENTE,Bueno,Propio,1,,2011EBC-0007844,IIA,10
Bomba de infusion,AJ0903,Hospira,Plum A+,23056198,UCI B,PENDIENTE,Bueno,Propio,1,,PENDIENTE,PENDIENTE,PENDIENTE
Bomba de infusion,AJ0354,Hospira,Plum A+,18442703,UCI B,PENDIENTE,Bueno,Propio,1,,PENDIENTE,PENDIENTE,PENDIENTE
Bomba de infusion,AJ0586,Hospira,Plum A+,75240175,UCI B,PENDIENTE,Bueno,Propio,1,,PENDIENTE,PENDIENTE,PENDIENTE
Bomba de infusion,AJ0343,Hospira,Plum A+,17947512,UCI B,PENDIENTE,Bueno,Propio,1,,PENDIENTE,PENDIENTE,PENDIENTE
Bomba de nutricion,AJ1985,Abbott,Free go,(21)AF22333183,UCI B,PENDIENTE,Bueno,Propio,1,,2011EBC-0008205,IIA,5
Flujometro,CLI0321,Amvex,Sencillo,Fma013961bm,UCI B,PENDIENTE,Bueno,Propio,1,,PENDIENTE,PENDIENTE,PENDIENTE
Succionador,01429,Smaf,Yx930d,191102447,UCI B,PENDIENTE,Bueno,Propio,1,,2017DM-0001310,IIA,5
Ventilador mecanico,AJ0389,Tecme,Neumovent TS,200445701083A1V,UCI B,PENDIENTE,Bueno,Propio,1,,2019EBC-0020481,IIB,10
Succionador,01341,Smaf,YX930D,B10.20.120 / 191100945,UCI B,PENDIENTE,Bueno,Propio,1,,2017DM-0001310,IIA,5
Termohigrometro,02748,KTJ,TA318,Mkth3208,UCI B,PENDIENTE,Bueno,Propio,1,,PENDIENTE,I,5
Monitor de signos,AJ0459,Drager,Vista 120s,S2SNE3466,UCI B,PENDIENTE,Bueno,Propio,1,,2011EBC-0007844,IIB,10
Bomba de infusion,AJ0482,Hospira,Plum A+,18442740,UCI B,PENDIENTE,Bueno,Propio,1,,PENDIENTE,PENDIENTE,PENDIENTE
Bomba de infusion,PENDIENTE_BIO_089,Hospira,Plum A+,18441568,UCI B,PENDIENTE,Bueno,Propio,1,,PENDIENTE,PENDIENTE,PENDIENTE
Bomba de infusion,AJ1945,Hospira,Plum A+,17948961,UCI B,PENDIENTE,Bueno,Propio,1,,PENDIENTE,PENDIENTE,PENDIENTE
Bomba de infusion,AJ4195,Hospira,Plum A+,75243937,UCI B,PENDIENTE,Bueno,Propio,1,,PENDIENTE,PENDIENTE,PENDIENTE
Bomba de nutricion,AJ1967,Abbott,Free go,(21)AF22333186,UCI B,PENDIENTE,Bueno,Propio,1,,2011EBC-0008205,PENDIENTE,PENDIENTE
Cama hospitalaria,01421,Los pinos ,840,504766,UCI B,PENDIENTE,Bueno,Propio,1,,2023DM-0027454,I,5
Bomba de infusion,AJ0348,Hospira,Plum A+,17948501,UCI B,PENDIENTE,Bueno,Propio,1,,PENDIENTE,PENDIENTE,PENDIENTE
Bomba de infusion,AJ0335,Hospira,Plum A+,18442681,UCI B,PENDIENTE,Bueno,Propio,1,,PENDIENTE,PENDIENTE,PENDIENTE
Bomba de infusion,AJ0584,Hospira,Plum A+,18439795,UCI B,PENDIENTE,Bueno,Propio,1,,PENDIENTE,PENDIENTE,PENDIENTE
Bomba de infusion,AJ4197,Hospira,Plum A+,21396742,UCI B,PENDIENTE,Bueno,Propio,1,,PENDIENTE,PENDIENTE,PENDIENTE
Bomba de infusion,AJ0032,Hospira,Plum360,41406642,UCI B,PENDIENTE,Bueno,Propio,1,,PENDIENTE,PENDIENTE,PENDIENTE
Bomba de nutricion,AJ0363,Abbott,Free go,(21)AF18083022,UCI B,PENDIENTE,Bueno,Propio,1,,2011EBC-0008205,IIB,5
Ventilador mecanico,01469,Puritan bennett,PB840,3512120094,UCI B,PENDIENTE,Bueno,Propio,1,,2008EBC-0001832,IIB,5
Monitor de signos,AJ0481,Drager,Vista 120s,S2SNE3264,UCI B,PENDIENTE,Bueno,Propio,1,,2011EBC-0007844,IIA,10
Cama hospitalaria,01343,Stryker,2030,0911033029,UCI B,PENDIENTE,Bueno,Propio,1,,PENDIENTE,I,5
Bomba de infusion,AJ0594,Hospira,Plum A+,75240824,UCI B,PENDIENTE,Bueno,Propio,1,,PENDIENTE,PENDIENTE,PENDIENTE
Bomba de infusion,AJ0399,Hospira,Plum A+,75246059,UCI B,PENDIENTE,Bueno,Propio,1,,PENDIENTE,PENDIENTE,PENDIENTE
Bomba de infusion,AJ0478,Hospira,Plum360,41406647,UCI B,PENDIENTE,Bueno,Propio,1,,PENDIENTE,PENDIENTE,PENDIENTE
Bomba de infusion,AJ0460,Hospira,Plum A+,17951521,UCI B,PENDIENTE,Bueno,Propio,1,,PENDIENTE,PENDIENTE,PENDIENTE
Bomba de nutricion,AJ1965,Abbott,Free go,(21)AF22333184,UCI B,PENDIENTE,Bueno,Propio,1,,2011EBC-0008205,IIA,5
Succionador,01478,Smaf,Yx930d,191101317,UCI B,PENDIENTE,Bueno,Propio,1,,2017DM-0001310,IIA,5
Ventilador mecanico,01406,Avea,17311-06,BAV01238,UCI B,PENDIENTE,Bueno,Propio,1,,2008EBC-0001778,IIB,10
Monitor de signos,01476,Bistos,BT-770,DGL51007,UCI B,PENDIENTE,Bueno,Propio,1,,NO REGISTRA,IIA,5
Cama hospitalaria,01480,Dometal,Quaxar,79808,UCI B,PENDIENTE,Bueno,Propio,1,,2014DM-0010936,I,10
Monitor de signos,AJ0385,Drager,Vista 120s,S2SNE3159,UCI B,PENDIENTE,Bueno,Propio,1,,2011EBC-0007844,IIB,10
Bomba de infusion,AJ0305,Hospira,Plum A+,18444349,UCI B,PENDIENTE,Bueno,Propio,1,,PENDIENTE,PENDIENTE,PENDIENTE
Bomba de infusion,AJ4192,Hospira,Plum A+,17955513,UCI B,PENDIENTE,Bueno,Propio,1,,PENDIENTE,PENDIENTE,PENDIENTE
Bomba de infusion,AJ0306,Hospira,Plum A+,31398066,UCI B,PENDIENTE,Bueno,Propio,1,,PENDIENTE,PENDIENTE,PENDIENTE
Bomba de infusion,AJ0492,Hospira,Plum A+,17955553,UCI B,PENDIENTE,Bueno,Propio,1,,PENDIENTE,PENDIENTE,PENDIENTE
Bomba de nutricion,AJ1988,Abbott,Free go,(21)AF22333190,UCI B,PENDIENTE,Bueno,Propio,1,,2011EBC-0008205,IIA,5
Cama hospitalaria,01435,Stryker,2030,0911033024,UCI B,PENDIENTE,Bueno,Propio,1,,PENDIENTE,I,5 AÑOS
Bomba de infusion,PENDIENTE_BIO_090,Hospira,Plum A+,18448726,UCI B,PENDIENTE,Bueno,Propio,1,,PENDIENTE,PENDIENTE,PENDIENTE
Bomba de infusion,AJ0314,Hospira,Plum A+,75244815,UCI B,PENDIENTE,Bueno,Propio,1,,PENDIENTE,PENDIENTE,PENDIENTE
Bomba de infusion,PENDIENTE_BIO_091,Hospira,Plum A+,18442004,UCI B,PENDIENTE,Bueno,Propio,1,,PENDIENTE,PENDIENTE,PENDIENTE
Bomba de infusion,AJ0302,Hospira,Plum A+,75242026,UCI B,PENDIENTE,Bueno,Propio,1,,PENDIENTE,PENDIENTE,PENDIENTE
Regulador de succion,01428,Precision medical,Pm3100,109422,UCI B,PENDIENTE,Bueno,Propio,1,,PENDIENTE,PENDIENTE,PENDIENTE
Monitor de signos,AJ0486,Drager,Vista 120s,S2SNE3470,UCI B,PENDIENTE,Bueno,Propio,1,,2011EBC-0007844,IIA,10
Ventilador mecanico,AJ0433,Tecme,Neumovent TS,200445691083A1V,UCI B,PENDIENTE,Bueno,Propio,1,,2019EBC-0020481,IIB,10
Succionador,01357,Smaf,YX930D,B11.20.239 / 191101236,UCI B,PENDIENTE,Bueno,Propio,1,,2017DM-0001310,I,5
Infusor,PENDIENTE_BIO_092,Erka,NT,13024605,UCI B,PENDIENTE,Bueno,Propio,1,,PENDIENTE,I,10
Flujometro,PENDIENTE_BIO_093,Gentec,Fm197b-15l-sh,61k20040596/046,UCI B,PENDIENTE,Bueno,Propio,1,,2019DM-0019944,IIA,5
Bomba de nutricion,AJ0439,Abbott,Free go,(21)AF18107083,UCI B,PENDIENTE,Bueno,Propio,1,,2011EBC-0008205,IIB ,5
Ventilador mecanico,AJ0467,Leistung ,Luft 3,N02150,UCI B,PENDIENTE,Bueno,Propio,1,,2015EBC-0013801,IIB,10
Monitor gasto cardiaco,AJ1996,Baxter,Starling,V512023062998,UCI B,PENDIENTE,Bueno,Propio,1,,2019EBC-0004287,IIB,10
Calentador de paciente,01362,Nellcor,5015300A,CI0911J103,UCI B,PENDIENTE,Bueno,Propio,1,,2006DM-0000256,IIA,5
Bomba de infusion,AJ0908,Hospira,Plum A+,75241690,UCI B,PENDIENTE,Bueno,Propio,1,,PENDIENTE,PENDIENTE,PENDIENTE
Bomba de infusion,AJ0585,Hospira,Plum A+,21397848,UCI B,PENDIENTE,Bueno,Propio,1,,PENDIENTE,PENDIENTE,PENDIENTE
Bomba de infusion,AJ4194,Hospira,Plum A+,17956740,UCI B,PENDIENTE,Bueno,Propio,1,,PENDIENTE,PENDIENTE,PENDIENTE
Bomba de infusion,AJ0490,Hospira,Plum A+,17947888,UCI B,PENDIENTE,Bueno,Propio,1,,PENDIENTE,PENDIENTE,PENDIENTE
Bomba de infusion,AJ0312,Hospira,Plum A+,18439569,UCI B,PENDIENTE,Bueno,Propio,1,,PENDIENTE,PENDIENTE,PENDIENTE
Bomba de nutricion,AJ0332,Abbott,Free go,(21)AF18094079,UCI B,PENDIENTE,Bueno,Propio,1,,2011EBC-0008205,IIB ,5
Bomba de nutricion,AJ0373,Abbott,Free go,(21)AF1808325,UCI B,PENDIENTE,Bueno,Propio,1,,2011EBC-0008205,PENDIENTE,PENDIENTE
Monitor de signos,01470,Mindray,Mec-1200,CC-31125073,UCI B,PENDIENTE,Bueno,Propio,1,,2019EBC-0003486,IIB,5
Cama hospitalaria,01483,Los pinos ,980,500347,UCI B,PENDIENTE,Bueno,Propio,1,,2024DM-0027454,I,5
Bomba de infusion,AJ0412,Hospira,Plum A+,18442656,UCI B,PENDIENTE,Bueno,Propio,1,,PENDIENTE,PENDIENTE,PENDIENTE
Bomba de infusion,AJ4183,Hospira,Plum A+,18460497,UCI B,PENDIENTE,Bueno,Propio,1,,PENDIENTE,PENDIENTE,PENDIENTE
Bomba de infusion,AJ0434,Hospira,Plum A+,18442650,UCI B,PENDIENTE,Bueno,Propio,1,,PENDIENTE,PENDIENTE,PENDIENTE
Bomba de infusion,AJ0339,Hospira,Plum A+,75241580,UCI B,PENDIENTE,Bueno,Propio,1,,PENDIENTE,PENDIENTE,PENDIENTE
Bomba de infusion,AJ0611,Hospira,Plum A+,18943924,UCI B,PENDIENTE,Bueno,Propio,1,,PENDIENTE,PENDIENTE,PENDIENTE
Bomba de infusion,AJ0344,Hospira,Plum A+,18442655,UCI B,PENDIENTE,Bueno,Propio,1,,PENDIENTE,PENDIENTE,PENDIENTE
Bomba de nutricion,AJ0405,Abbott,Free go,(21)AF14167063,UCI B,PENDIENTE,Bueno,Propio,1,,2011EBC-0008205,IIB ,5
Flujometro,CLI0336,Amvex,Sencillo,NT,UCI B,PENDIENTE,Bueno,Propio,1,,PENDIENTE,PENDIENTE,PENDIENTE
Succionador,01462,Smaf,Yx930d,191100890,UCI B,PENDIENTE,Bueno,Propio,1,,2017-DM-0001310,IIA,5
Ventilador mecanico,01475,Puritan bennett,PB840,3512120010,UCI B,PENDIENTE,Bueno,Propio,1,,2008EBC-0001832,IIB,5
Monitor de signos,AJ0476,Drager,Vista 120s,S2SNE3249,UCI B,PENDIENTE,Bueno,Propio,1,,2011EBC-0007844,IIA,10
Cama hospitalaria,01461,Stryker,2030,0911033001,UCI B,PENDIENTE,Bueno,Propio,1,,PENDIENTE,I,5
Desfibrilador,00885,Mindray,Beneheart D3,EL-29004410,UCI B,PENDIENTE,Bueno,Propio,1,,2009EBC-0004496,IIB ,5
Bomba de infusion,AJ0318,Hospira,Plum A+,75241866,UCI B,PENDIENTE,Bueno,Propio,1,,PENDIENTE,PENDIENTE,PENDIENTE
Bomba de infusion,AJ0007,Hospira,Plum A+,17951107,UCI B,PENDIENTE,Bueno,Propio,1,,PENDIENTE,PENDIENTE,PENDIENTE
Bomba de infusion,PENDIENTE_BIO_001,Hospira,Plum A+,18445674,UCI B,PENDIENTE,Bueno,Propio,1,,PENDIENTE,PENDIENTE,PENDIENTE
Bomba de infusion,AJ0605,Hospira,Plum A+,17948430,UCI B,PENDIENTE,Bueno,Propio,1,,PENDIENTE,PENDIENTE,PENDIENTE
Ventilador mecanico,01439,Avea,17311-06,BAV01228,UCI B,PENDIENTE,Bueno,Propio,1,,2008EBC-0001778,IIB,10
Monitor de signos,AJ0453,Drager,Vista 120s,S2SNE3469,UCI B,PENDIENTE,Bueno,Propio,1,,2011EBC-0007844,IIB,10
Ventilador mecanico,01481,Puritan bennett,PB840,3512120006,UCI B,PENDIENTE,Bueno,Propio,1,,2008EBC-0001832,IIB,5
Monitor de signos,AJ0367,Drager,Vista 120s,S2SNE3179,UCI B,PENDIENTE,Bueno,Propio,1,,2011EBC-0007844,IIB,10
Cama hospitalaria,PENDIENTE_BIO_094,Stryker,2030,0911033028,UCI B,PENDIENTE,Bueno,Propio,1,,PENDIENTE,1,5 AÑOS
Bomba de infusion,PENDIENTE_BIO_095,Hospira,Plum A+,18445125,UCI B,PENDIENTE,Bueno,Propio,1,,PENDIENTE,PENDIENTE,PENDIENTE
Bomba de infusion,AJ1941,Hospira,Plum A+,17951460,UCI B,PENDIENTE,Bueno,Propio,1,,PENDIENTE,PENDIENTE,PENDIENTE
Bomba de infusion,PENDIENTE_BIO_096,Hospira,Plum A+,75240379,UCI B,PENDIENTE,Bueno,Propio,1,,PENDIENTE,PENDIENTE,PENDIENTE
Bomba de infusion,PENDIENTE_BIO_097,Hospira,Plum A+,18440370,UCI B,PENDIENTE,Bueno,Propio,1,,PENDIENTE,PENDIENTE,PENDIENTE
Bomba de nutricion,AJ0428,Abbott,Free go,(21)AF12170003,UCI B,PENDIENTE,Bueno,Propio,1,,2011EBC-0008205,IIB ,5
Regulador de succion,01360,Precision medical,Pm3100,109438,UCI B,PENDIENTE,Bueno,Propio,1,,PENDIENTE,PENDIENTE,PENDIENTE
Desfibrilador,01392,Primedic,Defi monitor XD110,73505002568,Gastroenterologia,PENDIENTE,Bueno,Propio,1,,2009EBC-0004075,IIB,5
Monitor de signos,01402,Mindray,T5,CM-94106568,Gastroenterologia,PENDIENTE,Bueno,Propio,1,,2019EBC-0003486,IIB ,10
Flujometro,PENDIENTE_BIO_098,Oxygen,Sencillo,M50306,Gastroenterologia,PENDIENTE,Bueno,Propio,1,,PENDIENTE,PENDIENTE,PENDIENTE
Regulador de succion,01394,Vacutron,22-13-11080506,NT,Gastroenterologia,PENDIENTE,Bueno,Propio,1,,PENDIENTE,PENDIENTE,PENDIENTE
Monitor de signos,01395,Mindray,Imec8,EW-97057257,Gastroenterologia,PENDIENTE,Bueno,Propio,1,,2019EBC-0003486,IIB ,10
Flujometro,CLI0325,Amvex,Sencillo,Fma014005bm,Gastroenterologia,PENDIENTE,Bueno,Propio,1,,PENDIENTE,PENDIENTE,PENDIENTE
Laringoscopio,PENDIENTE_BIO_099,Welch allyn,60813,LG001,Gastroenterologia,PENDIENTE,Bueno,Propio,1,,PENDIENTE,I,5
Tensiometro digital,PENDIENTE_BIO_100,Welch allyn,OSZ5,201263195 / KIT 20,Gastroenterologia,PENDIENTE,Bueno,Propio,1,,PENDIENTE,I,5
Equipo de organos,PENDIENTE_BIO_101,Welch allyn,Portatil,KIT 20,Gastroenterologia,PENDIENTE,Bueno,Propio,1,,PENDIENTE,PENDIENTE,PENDIENTE
Monitor de signos,01391,Mindray,T5,CM-94106570,Gastroenterologia,PENDIENTE,Bueno,Propio,1,,2019EBC-0003486,IIB ,10
Pulsoximetro,PENDIENTE_BIO_102,Fingertip,LK87,NT,UCI A,PENDIENTE,Bueno,Propio,1,,PENDIENTE,PENDIENTE,PENDIENTE
Pulsoximetro,PENDIENTE_BIO_103,Accurate,FS20A,FS2A2107120100396,UCI A,PENDIENTE,Bueno,Propio,1,,2014EBC-0012499,IIB,5
Pulsoximetro,PENDIENTE_BIO_104,Accurate,FS20A,FS2A2107120100399,UCI A,PENDIENTE,Bueno,Propio,1,,2014EBC-0012499,IIB,5
Equipo de organos,PENDIENTE_BIO_105,GMD,Portatil,KIT 02,UCI A,PENDIENTE,Bueno,Propio,1,,2009DM-0003165,IIA,5
Equipo de organos,PENDIENTE_BIO_106,Lenz,Portatil,KIT 01,UCI A,PENDIENTE,Bueno,Propio,1,,2017DM-0017304,IIA,5
Equipo de organos,03396,Welch allyn,Portatil,NT,UCI A,PENDIENTE,Bueno,Propio,1,,2009DM-0003165,IIA,5
Marcapasos,01114,Medtronic,5392,DJ051863P,UCI A,PENDIENTE,Bueno,Propio,1,,2018EBC-0001163,IIB,5
Trotadora,02074,sportfitnes,metsrx,2209043111,Cardiologia,PENDIENTE,Bueno,Propio,1,,NO REQUIERE,NO REGISTRA,5
Ecocardiografo,01400 / 03177,Siemens,Acuson SC2000,(21) 404985,Cardiologia,PENDIENTE,Bueno,Propio,1,,2016DM-001535,IIA,10
Tensiometro,01404,Welch allyn,Pared,190813141225,Cardiologia,PENDIENTE,Bueno,Propio,1,,2018DM-0018127,IIA,8
Equipo de organos,01403,Welch allyn,Pared,NT,Cardiologia,PENDIENTE,Bueno,Propio,1,,2012DM-0009186,IIA,8
Bascula,PENDIENTE_BIO_107,GMD,GMD-BD-1522,2019100900037,Cardiologia,PENDIENTE,Bueno,Propio,1,,PENDIENTE,I,5
Succionador,01401,Thomas,1630,060800005110,Cardiologia,PENDIENTE,Bueno,Propio,1,,2015DM-0012619,IIA,5
Tensiometro,PENDIENTE_BIO_108,GMD,Portatil,18123167,Cardiologia,PENDIENTE,Bueno,Propio,1,,2017DM-0015978,IIA,5
Tensiometro,03086,ALPK2,Pared,18-22560,Cardiologia,PENDIENTE,Bueno,Propio,1,,PENDIENTE,IIA,5
Monitor de signos,04507,Mindray,Umec100,FT4-4C015106,Cardiologia,PENDIENTE,Bueno,Propio,1,,2016EBC-0014448 ,IIB ,5
Bascula,01405,GMD,GMD-BD-1502,2017070601479,Cardiologia,PENDIENTE,Bueno,Propio,1,,PENDIENTE,PENDIENTE,PENDIENTE
Grabadora Holter,04502,Biomedical Instrumental,BI6603,G0401-01616,Cardiologia,PENDIENTE,Bueno,Propio,1,,2019DM-0020627 ,IIA,5 AÑOS
Grabadora Holter,04501,Biomedical Instrumental,BI6603,G0401-01618,Cardiologia,PENDIENTE,Bueno,Propio,1,,2019DM-0020627 ,IIA,5 AÑOS
Grabadora Holter,04503,Biomedical Instrumental,BI6603,G0401-01612,Cardiologia,PENDIENTE,Bueno,Propio,1,,2019DM-0020627 ,IIA,5 AÑOS
Tensiometro Electronico,04504,CONTEC,ABPM50,2502099943,Cardiologia,PENDIENTE,Bueno,Propio,1,,2016DM-0015038 ,IIA,10 AÑOS
Prueba de esfuerzo,PENDIENTE_BIO_002,DMS,Stress test,BTR01/02246,Cardiologia,PENDIENTE,Bueno,Propio,1,,2019DM-0020627,IIA,10 AÑOS
Electrocardiografo,04505,Mindray,Beneheart R12,FN-44049361,Cardiologia,PENDIENTE,Bueno,Propio,1,,2018DM-0003378-R1 ,IIA,5 AÑOS
Bicicleta,PENDIENTE_BIO_003,PENDIENTE,PENDIENTE,PENDIENTE,PENDIENTE,PENDIENTE,Bueno,Propio,1,,PENDIENTE,PENDIENTE,PENDIENTE
Monitor de signos,03231,Mindray,Umec10,KN-3C206932,Hospitalizacion 2 VIP,PENDIENTE,Bueno,Propio,1,,PENDIENTE,PENDIENTE,PENDIENTE
Bascula,02263,Health o meter,800KL,800B212452919,Hospitalizacion 2 VIP,PENDIENTE,Bueno,Propio,1,,PENDIENTE,PENDIENTE,PENDIENTE
Termohigrometro,02023,KTJ,TA318,NT,Hospitalizacion 2 VIP,PENDIENTE,Bueno,Propio,1,,PENDIENTE,PENDIENTE,PENDIENTE
Desfibrilador,03234,Comen,S5,S5070124057,Hospitalizacion 2 VIP,PENDIENTE,Bueno,Propio,1,,PENDIENTE,PENDIENTE,PENDIENTE
Succionador,01789,Pulmo-med,7E-C,YU21120242,Hospitalizacion 2 VIP,PENDIENTE,Bueno,Propio,1,,PENDIENTE,PENDIENTE,PENDIENTE
Laringoscopio,01162,Welch allyn,60813,NT,Hospitalizacion 2 VIP,PENDIENTE,Bueno,Propio,1,,NO REQUIERE,I,5
Electrocardiografo,03249,Mindray,Beneheart R3,FK-33038467,Hospitalizacion 2 VIP,PENDIENTE,Bueno,Propio,1,,PENDIENTE,PENDIENTE,PENDIENTE
Monitor de signos,03233,Mindray,Umec10,KN-3C206944,Hospitalizacion 2 VIP,PENDIENTE,Bueno,Propio,1,,PENDIENTE,PENDIENTE,PENDIENTE
Monitor de signos,03232,Mindray,Umec10,KN-3C206883,Hospitalizacion 2 VIP,PENDIENTE,Bueno,Propio,1,,PENDIENTE,PENDIENTE,PENDIENTE
Cama hospitalaria,01980,Los pinos ,PS4,526149,Hospitalizacion 2 VIP,PENDIENTE,Bueno,Propio,1,,2021DM-0023964,I,10
Flujometro,PENDIENTE_BIO_109,Mcared,Fm4546,Fm24080180,Hospitalizacion 2 VIP,PENDIENTE,Bueno,Propio,1,,PENDIENTE,PENDIENTE,PENDIENTE
Cama hospitalaria,01975,Los pinos ,PS4,525114,Hospitalizacion 2 VIP,PENDIENTE,Bueno,Propio,1,,2021DM-0023964,I,10
Flujometro,PENDIENTE_BIO_110,Mcared,Fm4546,Fm24080164,Hospitalizacion 2 VIP,PENDIENTE,Bueno,Propio,1,,PENDIENTE,PENDIENTE,PENDIENTE
Bomba de infusion,AJ4525,Hospira,Plum A+,17955978,Hospitalizacion 2 VIP,PENDIENTE,Bueno,Propio,1,,PENDIENTE,PENDIENTE,PENDIENTE
Cama hospitalaria,01972,Los pinos ,PS4,526119,Hospitalizacion 2 VIP,PENDIENTE,Bueno,Propio,1,,2021DM-0023964,I,10
Flujometro,PENDIENTE_BIO_111,Mcared,Fm4546,Fm24080043,Hospitalizacion 2 VIP,PENDIENTE,Bueno,Propio,1,,PENDIENTE,PENDIENTE,PENDIENTE
Cama hospitalaria,01974,Los pinos ,PS4,526113,Hospitalizacion 2 VIP,PENDIENTE,Bueno,Propio,1,,2021DM-0023964,I,10
Flujometro,PENDIENTE_BIO_112,Mcared,Fm4546,Fm24080158,Hospitalizacion 2 VIP,PENDIENTE,Bueno,Propio,1,,PENDIENTE,PENDIENTE,PENDIENTE
Cama hospitalaria,01969,Los pinos ,PS4,526148,Hospitalizacion 2 VIP,PENDIENTE,Bueno,Propio,1,,2021DM-0023964,I,10
Flujometro,PENDIENTE_BIO_113,Mcared,Fm4546,Fm24080184,Hospitalizacion 2 VIP,PENDIENTE,Bueno,Propio,1,,PENDIENTE,PENDIENTE,PENDIENTE
Bomba de infusion,AJ4514,Hospira,Plum A+,17955848,Hospitalizacion 2 VIP,PENDIENTE,Bueno,Propio,1,,PENDIENTE,PENDIENTE,PENDIENTE
Cama hospitalaria,01968,Los pinos ,PS4,526140,Hospitalizacion 2 VIP,PENDIENTE,Bueno,Propio,1,,2021DM-0023964,I,10
Flujometro,PENDIENTE_BIO_114,Mcared,Fm4546,Fm24080069,Hospitalizacion 2 VIP,PENDIENTE,Bueno,Propio,1,,PENDIENTE,PENDIENTE,PENDIENTE
Cama hospitalaria,01965,Los pinos ,PS4,526138,Hospitalizacion 2 VIP,PENDIENTE,Bueno,Propio,1,,2021DM-0023964,I,10
Flujometro,PENDIENTE_BIO_115,Mcared,Fm4546,Fm24080161,Hospitalizacion 2 VIP,PENDIENTE,Bueno,Propio,1,,PENDIENTE,PENDIENTE,PENDIENTE
Cama hospitalaria,01962,Los pinos ,PS4,526137,Hospitalizacion 2 VIP,PENDIENTE,Bueno,Propio,1,,2021DM-0023964,I,10
Flujometro,PENDIENTE_BIO_116,Mcared,Fm4546,Fm2408029,Hospitalizacion 2 VIP,PENDIENTE,Bueno,Propio,1,,PENDIENTE,PENDIENTE,PENDIENTE
Bomba de infusion,AJ4516,Hospira,Plum A+,17955067,Hospitalizacion 2 VIP,PENDIENTE,Bueno,Propio,1,,PENDIENTE,PENDIENTE,PENDIENTE
Cama hospitalaria,01963,Los pinos ,PS4,526122,Hospitalizacion 2 VIP,PENDIENTE,Bueno,Propio,1,,2021DM-0023964,I,10
Flujometro,PENDIENTE_BIO_117,Gentec,Doble,Flu22 / Flu23,Hospitalizacion 2 VIP,PENDIENTE,Bueno,Propio,1,,PENDIENTE,PENDIENTE,PENDIENTE
Cama hospitalaria,01981,Los pinos ,PS4,526147,Hospitalizacion 2 VIP,PENDIENTE,Bueno,Propio,1,,2021DM-0023964,I,10
Bomba de infusion,AJ4526,Hospira,Plum360,43424162,Hospitalizacion 2 VIP,PENDIENTE,Bueno,Propio,1,,PENDIENTE,PENDIENTE,PENDIENTE
Bomba de infusion,AJ1946,Hospira,Plum A+,17948191,Hospitalizacion 2 VIP,PENDIENTE,Bueno,Propio,1,,PENDIENTE,PENDIENTE,PENDIENTE
Termohigrometro,PENDIENTE_BIO_118,KTJ,TA318,Mkth2396,Hospitalizacion 2 VIP,PENDIENTE,Bueno,Propio,1,,PENDIENTE,PENDIENTE,PENDIENTE
Termometro de nevera,PENDIENTE_BIO_119,NT,NT,MKT1863,Hospitalizacion 2 VIP,PENDIENTE,Bueno,Propio,1,,PENDIENTE,PENDIENTE,PENDIENTE
Cama hospitalaria,01966,Los pinos ,PS4,526143,Hospitalizacion 2 VIP,PENDIENTE,Bueno,Propio,1,,2021DM-0023964,I,10
Cama hospitalaria,01964,Los pinos ,PS4,526141,Hospitalizacion 2 VIP,PENDIENTE,Bueno,Propio,1,,2021DM-0023964,I,10
Flujometro,PENDIENTE_BIO_120,Gentec,Doble,Flu20 / Flu21,Hospitalizacion 2 VIP,PENDIENTE,Bueno,Propio,1,,PENDIENTE,PENDIENTE,PENDIENTE
Flujometro de aire,PENDIENTE_BIO_121,Gentec,fm187b-15r-ch,61k20120212/050,Hospitalizacion 2 VIP,PENDIENTE,Bueno,Propio,1,,PENDIENTE,PENDIENTE,PENDIENTE
Bomba de infusion,AJ4523,Hospira,Plum A+,17951178,Hospitalizacion 2 VIP,PENDIENTE,Bueno,Propio,1,,PENDIENTE,PENDIENTE,PENDIENTE
Cama hospitalaria,01970,Los pinos ,PS4,526144,Hospitalizacion 2 VIP,PENDIENTE,Bueno,Propio,1,,2021DM-0023964,I,10
Bomba de infusion,AJ4513,Hospira,Plum A+,75245280,Hospitalizacion 2 VIP,PENDIENTE,Bueno,Propio,1,,PENDIENTE,PENDIENTE,PENDIENTE
Cama hospitalaria,01973,Los pinos ,PS4,526135,Hospitalizacion 2 VIP,PENDIENTE,Bueno,Propio,1,,2021DM-0023964,I,10
Flujometro de aire,PENDIENTE_BIO_122,Gentec,fm187b-15r-ch,fm24080167,Hospitalizacion 2 VIP,PENDIENTE,Bueno,Propio,1,,PENDIENTE,PENDIENTE,PENDIENTE
Bomba de infusion,AJ4527,Hospira,Plum A+,75246414,Hospitalizacion 2 VIP,PENDIENTE,Bueno,Propio,1,,PENDIENTE,PENDIENTE,PENDIENTE
Cama hospitalaria,01967,Los pinos ,PS4,526131,Hospitalizacion 2 VIP,PENDIENTE,Bueno,Propio,1,,2021DM-0023964,I,10
Flujometro,PENDIENTE_BIO_123,Gentec,Fm4546,Fm24080171,Hospitalizacion 2 VIP,PENDIENTE,Bueno,Propio,1,,PENDIENTE,PENDIENTE,PENDIENTE
Bomba de infusion,AJ4515,Hospira,Plum A+,23056141,Hospitalizacion 2 VIP,PENDIENTE,Bueno,Propio,1,,PENDIENTE,PENDIENTE,PENDIENTE
Cama hospitalaria,01976,Los pinos ,PS4,526146,Hospitalizacion 2 VIP,PENDIENTE,Bueno,Propio,1,,2021DM-0023964,I,10
Flujometro de aire,PENDIENTE_BIO_124,Gentec,fm187b-15r-ch,fm24080179,Hospitalizacion 2 VIP,PENDIENTE,Bueno,Propio,1,,PENDIENTE,PENDIENTE,PENDIENTE
Cama hospitalaria,01961,Los pinos ,PS4,526117,Hospitalizacion 2 VIP,PENDIENTE,Bueno,Propio,1,,2021DM-0023964,I,10
Flujometro,PENDIENTE_BIO_125,Gentec,Sencillo,Fm24080157,Hospitalizacion 2 VIP,PENDIENTE,Bueno,Propio,1,,PENDIENTE,PENDIENTE,PENDIENTE
Flujometro de aire,PENDIENTE_BIO_126,Gentec,fm187b-15r-ch,61k20120212/048,Hospitalizacion 2 VIP,PENDIENTE,Bueno,Propio,1,,PENDIENTE,PENDIENTE,PENDIENTE
Cama hospitalaria,01977,Los pinos ,PS4,526133,Hospitalizacion 2 VIP,PENDIENTE,Bueno,Propio,1,,2021DM-0023964,I,10
Flujometro,PENDIENTE_BIO_127,Gentec,Sencillo,Fm24080199,Hospitalizacion 2 VIP,PENDIENTE,Bueno,Propio,1,,PENDIENTE,PENDIENTE,PENDIENTE
Cama hospitalaria,01971,Los pinos ,PS4,526142,Hospitalizacion 2 VIP,PENDIENTE,Bueno,Propio,1,,2021DM-0023964,I,10
Bomba de infusion,AJ4517,Hospira,Plum A+,17950474,Hospitalizacion 2 VIP,PENDIENTE,Bueno,Propio,1,,PENDIENTE,PENDIENTE,PENDIENTE
Flujometro,PENDIENTE_BIO_128,Gentec,Sencillo,Fm24080183,Hospitalizacion 2 VIP,PENDIENTE,Bueno,Propio,1,,PENDIENTE,PENDIENTE,PENDIENTE
Cama hospitalaria,01978,Los pinos ,PS4,526164,Hospitalizacion 2 VIP,PENDIENTE,Bueno,Propio,1,,2021DM-0023964,I,10
Flujometro,PENDIENTE_BIO_129,Gentec,Sencillo,Fm24080006,Hospitalizacion 2 VIP,PENDIENTE,Bueno,Propio,1,,PENDIENTE,PENDIENTE,PENDIENTE
Cama hospitalaria,01979,Los pinos ,PS4,526139,Hospitalizacion 2 VIP,PENDIENTE,Bueno,Propio,1,,2021DM-0023964,I,10
Flujometro,PENDIENTE_BIO_130,Gentec,Sencillo,Fm24080169,Hospitalizacion 2 VIP,PENDIENTE,Bueno,Propio,1,,PENDIENTE,PENDIENTE,PENDIENTE
Bomba de infusion,AJ4524,Hospira,Plum A+,17951654,Hospitalizacion 2 VIP,PENDIENTE,Bueno,Propio,1,,PENDIENTE,PENDIENTE,PENDIENTE
Bascula,AJ0971,Detecto,339,E27698-0176,Imagenologia,PENDIENTE,Bueno,Propio,1,,2015EBC-0013161,IIB,5
Succionador,02592,Thomas,1240,059800000353,Imagenologia,PENDIENTE,Bueno,Propio,1,,2007DM-0001138,IIA,5
Desfibrilador,00692,Zoll,Mseries,T08C100810,Imagenologia,PENDIENTE,Bueno,Propio,1,,2020EBC-0021132,IIB,10
Rayos x fijo,AJ1318,Tec-rad,C-10,106,Imagenologia,PENDIENTE,Bueno,Propio,1,,2021EBC-0024581,IIB,10
Termohigrometro,AJ1330,KTJ,NT,MKTH3216,Imagenologia,PENDIENTE,Bueno,Propio,1,,PENDIENTE,IIA,5
Digitalizador,AJ1322,AGFA,CR30-XM,2744,Imagenologia,PENDIENTE,Bueno,Propio,1,,2014DM-0011472,I,7
Tomografo,AJ1324,Siemens,Somathom go,108355,Imagenologia,PENDIENTE,Bueno,Propio,1,,2018EBC-0001864-R1,IIB,10
Inyector,AJ1325,Mectron,Accutron,871013280,Imagenologia,PENDIENTE,Bueno,Propio,1,,2019DM-0019456,IIA,10
Lampara pielitica,03081,Kls martin,ML-301,mn301080010s0380,Imagenologia,PENDIENTE,Bueno,Propio,1,,2017DM-0016105,PENDIENTE,PENDIENTE
Camilla,AJ0118,Generica,NT,G-001,Imagenologia,PENDIENTE,Bueno,Propio,1,,PENDIENTE,PENDIENTE,PENDIENTE
Camilla,AJ0143,Generica,NT,NT,Imagenologia,PENDIENTE,Bueno,Propio,1,,PENDIENTE,PENDIENTE,PENDIENTE
Termohigrometro,01639,KTJ,TA318,Mkth3204,Imagenologia,PENDIENTE,Bueno,Propio,1,,PENDIENTE,PENDIENTE,PENDIENTE
Termohigrometro,03605,Biotemp,PENDIENTE,NT,Imagenologia,PENDIENTE,Bueno,Propio,1,,PENDIENTE,PENDIENTE,PENDIENTE
Rayos x portatil,AJ1323,Shimadzu,mobilex-ray,563-48510-64/lycfc78cb002,Imagenologia,PENDIENTE,Bueno,Propio,1,,2021EBC-0023314,IIB,PENDIENTE
Monitor de signos,AJ0970,Comen,C30,K3220302029,Imagenologia,PENDIENTE,Bueno,Propio,1,,2015EBC-0013161,IIB,5
Termohigrometro,AJ1329,KTJ,TA318,Mkth3210,Imagenologia,PENDIENTE,Bueno,Propio,1,,PENDIENTE,IIA,5
Mamografo,PENDIENTE_BIO_131,sino mdt,PENDIENTE,0092220119a00011,Imagenologia,PENDIENTE,Bueno,Propio,1,,2021EBC-0022913,IIB,10
Termohigrometro,PENDIENTE_BIO_132,Temica,Tem 300,MQ-A-0085,Imagenologia,PENDIENTE,Bueno,Propio,1,,PENDIENTE,I,5
Termohigrometro,03603,Biotemp,PENDIENTE,NT,Ensayos clinicos,PENDIENTE,Bueno,Propio,1,,PENDIENTE,PENDIENTE,PENDIENTE
Tensiometro,PENDIENTE_BIO_133,lkl,Portatil,19122379,Ensayos clinicos,PENDIENTE,Bueno,Propio,1,,PENDIENTE,PENDIENTE,PENDIENTE
Pulsoximetro,02277,Heal force,Prince-100f,XXK00OJ09781,Ensayos clinicos,PENDIENTE,Bueno,Propio,1,,NO REGISTRA,I,NO REGISTRA
Pulsoximetro,02278,Heal force,Prince-100f,XXK00OJ09747,Ensayos clinicos,PENDIENTE,Bueno,Propio,1,,NO REGISTRA,I,NO REGISTRA
Bascula,01637 / 6105020052,Detecto,339,CC-0024,Ensayos clinicos,PENDIENTE,Bueno,Propio,1,,PENDIENTE,PENDIENTE,PENDIENTE
Camilla,02573,Los pinos ,C-368,72936,Cirugia,PENDIENTE,Bueno,Propio,1,,PENDIENTE,PENDIENTE,PENDIENTE
Camilla,01549,Los pinos ,C-368,72604,Cirugia,PENDIENTE,Bueno,Propio,1,,PENDIENTE,PENDIENTE,PENDIENTE
Camilla,01548,Los pinos ,C-368,72608,Cirugia,PENDIENTE,Bueno,Propio,1,,PENDIENTE,PENDIENTE,PENDIENTE
Camilla,PENDIENTE_BIO_134,Los pinos ,C-369,74010,Cirugia,PENDIENTE,Bueno,Propio,1,,PENDIENTE,PENDIENTE,PENDIENTE
Camilla,00981,MB,MB-16-5,CC-8300,Cirugia,PENDIENTE,Bueno,Propio,1,,PENDIENTE,PENDIENTE,PENDIENTE
Electrobisturi armonico,01593,Ethicon,endo-surgery,(21)1111918005,Cirugia,PENDIENTE,Bueno,Propio,1,,PENDIENTE,PENDIENTE,PENDIENTE
Consola de minimotor,PENDIENTE_BIO_135,NSK,Volvere i7,A2440058,Cirugia,prestamo,Bueno,Propio,1,,PENDIENTE,PENDIENTE,PENDIENTE
Consola laser,AJ0572,Litho,Pvms00046,LHT2528-1121,Cirugia,alquiler,Bueno,Propio,1,,PENDIENTE,PENDIENTE,PENDIENTE
Termometro de nevera,00197,NT,NT,NT,Cirugia,PENDIENTE,Bueno,Propio,1,,PENDIENTE,PENDIENTE,PENDIENTE
Unidad odontologica,02581,Dentic sply,AC-2,2896,Cirugia,PENDIENTE,Bueno,Propio,1,,PENDIENTE,PENDIENTE,PENDIENTE
Bomba de infusion,AJ0435,hospira,Plum A+,21400217,Cirugia,PENDIENTE,Bueno,Propio,1,,PENDIENTE,PENDIENTE,PENDIENTE
Bomba de infusion,01180,hospira,Plum A+,17947976,Cirugia,PENDIENTE,Bueno,Propio,1,,PENDIENTE,PENDIENTE,PENDIENTE
Bomba de infusion,AJ0408,Hospira,Plum A+,18441595,Cirugia,PENDIENTE,Bueno,Propio,1,,PENDIENTE,PENDIENTE,PENDIENTE
Bomba de infusion,AJ1952,Hospira,Plum A+,17948539,Cirugia,PENDIENTE,Bueno,Propio,1,,PENDIENTE,PENDIENTE,PENDIENTE
Bomba de infusion,AJ0427,Hospira,Plum A+,18442652,Cirugia,PENDIENTE,Bueno,Propio,1,,PENDIENTE,PENDIENTE,PENDIENTE
Bomba de infusion,AJ0425,Hospira,Plum360,41406644,Cirugia,PENDIENTE,Bueno,Propio,1,,PENDIENTE,PENDIENTE,PENDIENTE
Bomba de infusion,PENDIENTE_BIO_136,Hospira,Plum360,41418567,Cirugia,PENDIENTE,Bueno,Propio,1,,PENDIENTE,PENDIENTE,PENDIENTE
Calentador de liquidos,01595,Animec,AM-2S-5B,12260078,Cirugia,PENDIENTE,Bueno,Propio,1,,2010DM-0005465,IIA,5
Calentador de liquidos,01594,Animec,AM-2S-5B,07250100,Cirugia,PENDIENTE,Bueno,Propio,1,,2020DM-0021875,IIA,5
Calentador de liquidos,01596,Animec,AM-2S-5B,07250124,Cirugia,PENDIENTE,Bueno,Propio,1,,2020DM-0021875,IIA,5
Tensiometro,PENDIENTE_BIO_137,GMD,Portatil,18206588,Cirugia,PENDIENTE,Bueno,Propio,1,,2021DM-0008031-R1,I,5
Torre de laparoscopia,AJ0911,Storz,torre1,varios ,Cirugia,consola de camara sn:ov713001-p pl:aj0913                     pantalla sn:i3id10219 pl:aj0912               neuinsuflador sn:16625-b pl:aj0914,Bueno,Propio,1,,2008DM-0003083,IIA,10
Torre de laparoscopia,PENDIENTE_BIO_138,Storz,torre 2,varios ,Cirugia,consola de camara sn:xv722866-p  pl: nt                     pantalla sn:4id   pl: nt                          neuinsuflador sn: 18550-b  pl:aj4502                             fuente de luz sn:xv5858 pl:nt,Bueno,Propio,1,,2008DM-0003083,IIA,10
Torre artroscopia,01570,Stryker,torre 3,varios ,Cirugia,consola de camara sn:11j040094  pl01569:                       pantalla sn:veh269f0415    pl:01571                                vulcanizador sn:zl4071   pl:1926                                    fuente de luz sn:88zz013709 pl:00249,Bueno,Propio,1,,PENDIENTE,PENDIENTE,PENDIENTE
Microscopio quirurgico,02558,Carl zeiss,S8,6629320381,Cirugia,PENDIENTE,Bueno,Propio,1,,2007DM-0001346,IIA,5
Arco en C,02534,siemens,NT,1681/4689,Cirugia,PENDIENTE,Bueno,Propio,1,,2008EBC-0002441,IIB ,10
Arco en C,AJ1927,Philips,Bvpulsera,457458010051,Cirugia,PENDIENTE,Bueno,Propio,1,,2008EBC-0002364,IIB,10
Arco en C,PENDIENTE_BIO_139,General Electric,Brivo OEC 785,BB3SS2100211HL,Cirugia,PENDIENTE,Bueno,Propio,1,,2009EBC-0003260,IIB,10
Camilla,01566,Los pinos ,C-370,78898,Cirugia,PENDIENTE,Bueno,Propio,1,,PENDIENTE,PENDIENTE,PENDIENTE
Camilla,02047,MB,NT,CT-010,Cirugia,PENDIENTE,Bueno,Propio,1,,PENDIENTE,PENDIENTE,PENDIENTE
Camilla,02051,MB,MB-16-1,CC-8707,Cirugia,PENDIENTE,Bueno,Propio,1,,PENDIENTE,PENDIENTE,PENDIENTE
Monitor de signos,01828,Mindray,Imec12,EV-14067905,Cirugia,PENDIENTE,Bueno,Propio,1,,2009EBC-0003486,IIB,5
Desfibrilador,02511 / 6105010242,Primedic,Defi monitor XD110,73505002566,Cirugia,PENDIENTE,Bueno,Propio,1,,2009EBC-0004075,IIB ,5
Succionador,01733,Pulmo-med,7E-C,YU21120369,Cirugia,PENDIENTE,Bueno,Propio,1,,2020DM-0022467,IIA,5
calentador de paciente,02586,Nellcor,Warm touch ,CI0911J169,Cirugia,PENDIENTE,Bueno,Propio,1,,2006dm-0000256,IIA,5
Laringoscopio,02554,Welch allyn,60813,NT,Cirugia,PENDIENTE,Bueno,Propio,1,,2018DM-0018133,I,5
Bomba de infusion,AJ0303,Hospira,Plum A+,18447055,Cirugia,PENDIENTE,Bueno,Propio,1,,PENDIENTE,PENDIENTE,PENDIENTE
Monitor de signos,02517,Mindray,Imec12,EV-23001231,Cirugia,PENDIENTE,Bueno,Propio,1,,2009EBC-003486,IIB,5
Camilla,PENDIENTE_BIO_140,Los pinos ,C-368,72936,Cirugia,PENDIENTE,Bueno,Propio,1,,PENDIENTE,PENDIENTE,PENDIENTE
Monitor de signos,02514,Mindray,Mec-1200,CC-8C107201,Cirugia,PENDIENTE,Bueno,Propio,1,,2009EBC-0003486,PENDIENTE,5
Flujometro,CLI0312 / CLI0313,Amvex,Doble,Fma013960bm / Fma015268kl,Cirugia,PENDIENTE,Bueno,Propio,1,,PENDIENTE,PENDIENTE,PENDIENTE
Camilla,02574,Los pinos ,C-369,64002,Cirugia,PENDIENTE,Bueno,Propio,1,,PENDIENTE,PENDIENTE,PENDIENTE
Flujometro,CLI0288,Oxygen,Sencillo,M51658,Cirugia,PENDIENTE,Bueno,Propio,1,,PENDIENTE,PENDIENTE,PENDIENTE
Camilla,01533,Los pinos ,C-368,72940,Cirugia,PENDIENTE,Bueno,Propio,1,,PENDIENTE,PENDIENTE,PENDIENTE
Camilla,01768,Los pinos ,C-368,72939,Cirugia,PENDIENTE,Bueno,Propio,1,,PENDIENTE,PENDIENTE,PENDIENTE
Camilla,00909,MB,MB-16-5,16020,Cirugia,PENDIENTE,Bueno,Propio,1,,2014DM-0012181,IIA,5
Camilla,0253,MB,MB-16-1,CC-8705,Cirugia,PENDIENTE,Bueno,Propio,1,,PENDIENTE,PENDIENTE,PENDIENTE
Camilla,02160,MB,MB-16-1,CC-8918,Cirugia,PENDIENTE,Bueno,Propio,1,,PENDIENTE,PENDIENTE,PENDIENTE
Camilla,00980,MB,MB-16-5,CC-8299,Cirugia,PENDIENTE,Bueno,Propio,1,,PENDIENTE,PENDIENTE,PENDIENTE
Monitor de signos,02516 / 6105040612,Mindray,Mec-1200,CC-31125075,Cirugia,PENDIENTE,Bueno,Propio,1,,2009EBC-0003486,PENDIENTE,5
Monitor de signos,02515 / 6105061155,Mindray,Mec-1200,CC-3A127309,Cirugia,PENDIENTE,Bueno,Propio,1,,2009EBC-0003486,PENDIENTE,5
Monitor de signos,02513 / 6105061156,Mindray,Mec-1200,CC-31125079,Cirugia,PENDIENTE,Bueno,Propio,1,,2009EBC-0003486,PENDIENTE,5
Monitor de signos,02518 / 6105040611,Mindray,Mec-1200,CC-3A127310,Cirugia,PENDIENTE,Bueno,Propio,1,,2009EBC-0003486,PENDIENTE,5
Flujometro,PENDIENTE_BIO_141,NT,Sencillo,52526,Cirugia,PENDIENTE,Bueno,Propio,1,,PENDIENTE,PENDIENTE,PENDIENTE
Regulador de succion,PENDIENTE_BIO_142,Acare,VRA-701,760vra-007092,Cirugia,PENDIENTE,Bueno,Propio,1,,PENDIENTE,PENDIENTE,PENDIENTE
Flujometro,CLI0319,Amvex,Sencillo,Fma013969bm,Cirugia,PENDIENTE,Bueno,Propio,1,,PENDIENTE,PENDIENTE,PENDIENTE
Flujometro,PENDIENTE_BIO_143,Oxygen,Sencillo,Flu30,Cirugia,PENDIENTE,Bueno,Propio,1,,PENDIENTE,PENDIENTE,PENDIENTE
Regulador de succion,02533,Pahsco,Wika,CC-0036,Cirugia,PENDIENTE,Bueno,Propio,1,,PENDIENTE,PENDIENTE,PENDIENTE
Flujometro,CLI0314,Amvex,Sencillo,Fma013998bm,Cirugia,PENDIENTE,Bueno,Propio,1,,PENDIENTE,PENDIENTE,PENDIENTE
Autoclave,02520,Matachana,SC500,E-27708,Central esterilizacion ,PENDIENTE,Bueno,Propio,1,,2007DM-0001226,IIA,15
Autoclave,02519,Matachana,SC500,E-27709,Central esterilizacion ,PENDIENTE,Bueno,Propio,1,,2007DM-0001226,IIA,15
Selladora electrica,02526,Hawo,hd650de,461852,Central esterilizacion,PENDIENTE,Bueno,Propio,1,,NO REPORTA,I,1
Selladora electrica,01714,generica,NT,NT,Central esterilizacion,PENDIENTE,Bueno,Propio,1,,NO REPORTA,I,1
Incubadora biologica,02524,3M,290,241667,Cirugia,PENDIENTE,Bueno,Propio,1,,2006DM-0000363,IIA,5
Incubadora biologica,02523,ASP,Sterrad velocity,4422060202,Cirugia,PENDIENTE,Bueno,Propio,1,,NO REPORTA,IIA,5
Esterilizador,02521,ASP,NX,0101150453,Central esterilizacion ,PENDIENTE,Bueno,Propio,1,,NO REPORTA,10,10
Mesa quirurgica ,00913,Mindray,hybase3000,M1-35002760,Cirugia,PENDIENTE,Bueno,Propio,1,,PENDIENTE,1,10
Bomba de infusion,AJ0334,Hospira,Plum A+,17952119,Cirugia,PENDIENTE,Bueno,Propio,1,,PENDIENTE,PENDIENTE,PENDIENTE
Regulador de succion,02556,Pahsco,Wika,CC-0034,Cirugia,PENDIENTE,Bueno,Propio,1,,PENDIENTE,PENDIENTE,PENDIENTE
Electrobisturi,01900,Wem,SS-501SX,CAE0007230,Hemodinamia,PENDIENTE,Bueno,Propio,1,,2020EBC-0004122,IIB,5
Termohigrometro,PENDIENTE_BIO_144,KTJ,TA318,Mkth2269,Cirugia,PENDIENTE,Bueno,Propio,1,,PENDIENTE,PENDIENTE,PENDIENTE
Monitor de signos,02547,Mindray,UMEC12,KQ-15066754,Cirugia,PENDIENTE,Bueno,Propio,1,,2016EBC-0014448,IIB,10
Laringoscopio,02552,Welch allyn,60813,NT,Cirugia,PENDIENTE,Bueno,Propio,1,,2018DM-0018133,I,5
Lampara cielitica,00911,Mindray,Hyled8600,K2-33005104,Cirugia,PENDIENTE,Bueno,Propio,1,,2013DM0010460,IIA,7
Laringoscopio,01165,Welch allyn,60813,NT,Cirugia,PENDIENTE,Bueno,Propio,1,,PENDIENTE,PENDIENTE,PENDIENTE
Monitor de signos,02510,Penlon,SPM5,CM-19120288,Cirugia,PENDIENTE,Bueno,Propio,1,,2009EBC-0004505,IIB,5
Monitor de signos,02587,Penlon,SPM5,CM-19120282,Cirugia,PENDIENTE,Bueno,Propio,1,,2009EBC-0004505,IIB,5
Flujometro,PENDIENTE_BIO_145,Gentec,Sencillo,19030091133,Cirugia,PENDIENTE,Bueno,Propio,1,,PENDIENTE,PENDIENTE,PENDIENTE
Lampara pielitica,02582,Welch allyn,GS600,NT,Cirugia,PENDIENTE,Bueno,Propio,1,,2013DM-0009826,1,5
Tensiometro,02537,Welch allyn,Carro,110408114837,Cirugia,PENDIENTE,Bueno,Propio,1,,PENDIENTE,I,5
Estimulador de nervio periferico,cli0278,Organon,Tof-watch,23-2006065,Cirugia,PENDIENTE,Bueno,Propio,1,,2011DM-00008098,IIA,5
Videolaringo,00341,NT,ht-ad,220627008,Cirugia,PENDIENTE,Bueno,Propio,1,,PENDIENTE,IIA,5
Monitor de signos,02584,Welch allyn,42NTB-S1,201306573,Cirugia,PENDIENTE,Bueno,Propio,1,,2009EBC-0003199,IIB,5
Bascula,02251,Detecto,339,e27608-0174,Cirugia,PENDIENTE,Bueno,Propio,1,,NO REQUIERE,I,5
Electrobisturi armonico,PENDIENTE_BIO_146,Ethicon,endo surgery,1111918005,Cirugia,PENDIENTE,Bueno,Propio,1,,2012DM-0008445,IIB,5
Electrobisturi armonico,AJ1568,Ethicon,endo surgery,1111234862,Cirugia,PENDIENTE,Bueno,Propio,1,,2012DM-0008445,IIB,5
Aspirador ultrasonico,PENDIENTE_BIO_147,Valleylab,Cusa excel,U4L1971S,Cirugia,alquiler,Bueno,Propio,1,,PENDIENTE,PENDIENTE,PENDIENTE
Estimulador cortical,PENDIENTE_BIO_148,Medtronic,NT,NR-420863,Cirugia,alquiler,Bueno,Propio,1,,PENDIENTE,PENDIENTE,PENDIENTE
Consola bipolar,PENDIENTE_BIO_149,Ellman,Surgitron,2480252,Cirugia,alquiler,Bueno,Propio,1,,PENDIENTE,PENDIENTE,PENDIENTE
Succionador,PENDIENTE_BIO_150,Apex,Esparmax,045c-1902,Cirugia,PENDIENTE,Bueno,Propio,1,,PENDIENTE,PENDIENTE,PENDIENTE
Craneotomo,00303,Medtronic,IPC,NTC71897,Cirugia,PENDIENTE,Bueno,Propio,1,,PENDIENTE,PENDIENTE,PENDIENTE
Torniquete,PENDIENTE_BIO_151,Riester,komprimeter,220380297,Cirugia,PENDIENTE,Bueno,Propio,1,,2018DM-0018095,I,10
Torniquete,PENDIENTE_BIO_152,Riester,komprimeter,200580017,Cirugia,PENDIENTE,Bueno,Propio,1,,PENDIENTE,PENDIENTE,PENDIENTE
Torniquete,01572,Riester,komprimeter,210280330,Cirugia,PENDIENTE,Bueno,Propio,1,,2018DM-0018095,I,5
Incubadora biologica,00060 / 6105040426,ASP,21005,0512054157,Cirugia,PENDIENTE,Bueno,Propio,1,,PENDIENTE,PENDIENTE,PENDIENTE
Electrocardiografo,00178,Edan,SE-3,360250-M20606200013,PAD,PENDIENTE,Bueno,Propio,1,,2020DM-0021425,IIA,5
Bascula,01202,GMD,GMD-BD-1522,2019011000061,Vacunacion,PENDIENTE,Bueno,Propio,1,,NO REQUIERE,I,5
Bascula,01640,Detecto,339,e27608-0173,PAD,PENDIENTE,Bueno,Propio,1,,NO REQUIERE,I,5
Camilla,00173,Los pinos ,C-368,72804,PAD,PENDIENTE,Bueno,Propio,1,,PENDIENTE,PENDIENTE,PENDIENTE
Monitor de signos,00141,Mindray,Imec8,EW-97057258,PAD,PENDIENTE,Bueno,Propio,1,,2019EBC-0003486,IIB,10
Bomba de infusion,AJ0588,Hospira,Plum A+,752453454,PAD,PENDIENTE,Bueno,Propio,1,,PENDIENTE,PENDIENTE,PENDIENTE
Bomba de infusion,AJ0485,Hospira,Plum A+,18437562,PAD,PENDIENTE,Bueno,Propio,1,,PENDIENTE,PENDIENTE,PENDIENTE
Bomba de infusion,AJ0330,Hospira,Plum A+,18446968,PAD,PENDIENTE,Bueno,Propio,1,,PENDIENTE,PENDIENTE,PENDIENTE
Bomba de infusion,AJ0601,Hospira,Plum A+,17917618,PAD,PENDIENTE,Bueno,Propio,1,,PENDIENTE,PENDIENTE,PENDIENTE
Bomba de infusion,AJ0398,Hospira,Plum A+,17951513,PAD,PENDIENTE,Bueno,Propio,1,,PENDIENTE,PENDIENTE,PENDIENTE
Bomba de infusion,AJ0366,Hospira,Plum360,41406645,PAD,PENDIENTE,Bueno,Propio,1,,PENDIENTE,PENDIENTE,PENDIENTE
Bomba de infusion,AJ0345,Hospira,Plum360,41406646,PAD,PENDIENTE,Bueno,Propio,1,,PENDIENTE,PENDIENTE,PENDIENTE
Tensiometro,PENDIENTE_BIO_153,GMD,Portatil,17068360,PAD,PENDIENTE,Bueno,Propio,1,,NO REQUIERE,I,5
Tensiometro,PENDIENTE_BIO_154,GMD,Portatil,17049794,PAD,PENDIENTE,Bueno,Propio,1,,NO REQUIERE,I,5
Tensiometro digital,00169,Welch allyn,OSZ5,201263212,PAD,PENDIENTE,Bueno,Propio,1,,PENDIENTE,PENDIENTE,PENDIENTE
Equipo de organos,03153,GMD,Portatil,NT,PAD,PENDIENTE,Bueno,Propio,1,,2015DM-0014069,PENDIENTE,PENDIENTE
Pulsoximetro,PENDIENTE_BIO_155,Pulse oximeter,FS20A,FS2A2107120100428,PAD,PENDIENTE,Bueno,Propio,1,,NO REQUIERE,I,5
Nebulizador ,00560,Lenz,NB-206B,J07026-0635,PAD,PENDIENTE,Bueno,Propio,1,,2021DM-0023160,I,5
Laringoscopio,01155,Welch allyn,60813,NT,PAD,PENDIENTE,Bueno,Propio,1,,2008DM-0001919,I,5
Pesa bebe ,01203,Health o meter,386kgs-01,3860010310,Vacunacion,PENDIENTE,Bueno,Propio,1,,PENDIENTE,PENDIENTE,PENDIENTE
Termometro de nevera,01722,NT,NT,A16133,Vacunacion,PENDIENTE,Bueno,Propio,1,,PENDIENTE,PENDIENTE,PENDIENTE
Termometro de nevera,01489,Halthen,NT,NT,Vacunacion,PENDIENTE,Bueno,Propio,1,,PENDIENTE,PENDIENTE,PENDIENTE
Termohigrometro,01273,KTJ,TA318,Mkth239,Vacunacion,PENDIENTE,Bueno,Propio,1,,PENDIENTE,PENDIENTE,PENDIENTE
Termometro de nevera,01756,NT,NT,A16139,Vacunacion,PENDIENTE,Bueno,Propio,1,,PENDIENTE,PENDIENTE,PENDIENTE
Cama hospitalaria,01506,Stryker,Secure 3000,202010,Bodega 4to piso,PENDIENTE,Bueno,Propio,1,,PENDIENTE,1,5 AÑOS
Cama hospitalaria,01042 / 01228,Dometal,NT,765,Bodega 4to piso,PENDIENTE,Bueno,Propio,1,,2014DM-00010936,I,5
Cama hospitalaria,01261,MB,NT,MB-048,Bodega 4to piso,PENDIENTE,Bueno,Propio,1,,2024DM-0012181,I,5
Cama hospitalaria,01243,MB,NT,MB-028,Bodega 4to piso,PENDIENTE,Bueno,Propio,1,,2024DM-0012181,I,5
Monitor de signos,AJ1351,Mindray,Umec10,KN-27149046,Oncologia,PENDIENTE,Bueno,Propio,1,,2016EBC-0014448,IIB,10
Tensiometro,AJ4019,Hill-Rom,Carro,211207070450,Oncologia,PENDIENTE,Bueno,Propio,1,,NO REQUIERE,I,5
Succionador,02210,Pulmo-med,7E-C,YU21120352,Oncologia,PENDIENTE,Bueno,Propio,1,,2020DM-0022467,IIA,5
Bascula,01671,Seca,874,10000001202155,Oncologia,PENDIENTE,Bueno,Propio,1,,PENDIENTE,PENDIENTE,PENDIENTE
Bascula,01672,Seca,874,10000001202150,Oncologia,PENDIENTE,Bueno,Propio,1,,NO REQUIERE,I ,7
Bomba de infusion,AJ0656,Baxter,evoiqlvp,SK30500953,Oncologia,PENDIENTE,Bueno,Propio,1,,2019EBC-0020775,IIB,5
Camilla,00955,MB,MB-16-5,CC-8301,Oncologia,PENDIENTE,Bueno,Propio,1,,PENDIENTE,PENDIENTE,PENDIENTE
Equipo de organos,AJ4041,Hill-Rom,Pared,NT,Oncologia,PENDIENTE,Bueno,Propio,1,,2021DM-0009186,IIA,5
Bomba de infusion,AJ0640,Baxter,evoiqlvp,SK30500957,Oncologia,PENDIENTE,Bueno,Propio,1,,2019EBC-0020775,IIB,5
Flujometro,PENDIENTE_BIO_156,Gentec,Sencillo,Fo003,Oncologia,PENDIENTE,Bueno,Propio,1,,PENDIENTE,PENDIENTE,PENDIENTE
Tensiometro,PENDIENTE_BIO_157,Hill-Rom,Pared,230213143930,Oncologia,PENDIENTE,Bueno,Propio,1,,PENDIENTE,PENDIENTE,PENDIENTE
Cama hospitalaria,00908,MB,NT,16019,Oncologia,PENDIENTE,Bueno,Propio,1,,NO REQUIERE,I,5
Desfibrilador,AJ1350,Nihon Kohden,Tec-5631,05835,Oncologia,PENDIENTE,Bueno,Propio,1,,2019EBC-0002632,IIB,5
Laringoscopio,01829,Welch allyn,60813,NT,Oncologia,PENDIENTE,Bueno,Propio,1,,2008DM-0001919,I,5
Succionador,AJ1349,Ca-mi,Askir230,29514,Oncologia,PENDIENTE,Bueno,Propio,1,,2014DM-0011987,IIA,5
Bomba de infusion,AJ0650,Baxter,evoiqlvp,SK30502070,Oncologia,PENDIENTE,Bueno,Propio,1,,2019EBC-0020775,IIB,5
Bomba de infusion,PENDIENTE_BIO_158,Baxter,evoiqlvp,SK30500947,Oncologia,PENDIENTE,Bueno,Propio,1,,2019EBC-0020775,IIB,5
Flujometro,PENDIENTE_BIO_159,Oxygen,Sencillo,Fo001,Oncologia,PENDIENTE,Bueno,Propio,1,,PENDIENTE,PENDIENTE,PENDIENTE
Termohigrometro,01490,KTJ,TA318,NT,Oncologia,PENDIENTE,Bueno,Propio,1,,PENDIENTE,PENDIENTE,PENDIENTE
Flujometro,PENDIENTE_BIO_160,Oxygen,Sencillo,Fo002,Oncologia,PENDIENTE,Bueno,Propio,1,,PENDIENTE,PENDIENTE,PENDIENTE
Flujometro,PENDIENTE_BIO_161,Acare,Sencillo,1233884,Oncologia,PENDIENTE,Bueno,Propio,1,,2015DM-0012723,IIA,5
Bomba de infusion,AJ0641,Baxter,evoiqlvp,SK30500934,Oncologia,PENDIENTE,Bueno,Propio,1,,2019EBC-0020775,IIB,5
Flujometro,PENDIENTE_BIO_162,Acare,Sencillo,1365130,Oncologia,PENDIENTE,Bueno,Propio,1,,PENDIENTE,PENDIENTE,PENDIENTE
Flujometro,PENDIENTE_BIO_163,Gentec,Sencillo,Fo004,Oncologia,PENDIENTE,Bueno,Propio,1,,2015DM-0012723,IIA,5
Bomba de infusion,AJ0654,Baxter,evoiqlvp,SK30502087,Oncologia,PENDIENTE,Bueno,Propio,1,,2019EBC-0020775,IIB,5
Flujometro,PENDIENTE_BIO_164,Oxygen,Sencillo,3771/fo006,Oncologia,PENDIENTE,Bueno,Propio,1,,PENDIENTE,PENDIENTE,PENDIENTE
Bomba de infusion,AJ0652,Baxter,evoiqlvp,SK30500921,Oncologia,PENDIENTE,Bueno,Propio,1,,2019EBC-0020775,IIB,5
Bomba de infusion,AJ0655,Baxter,evoiqlvp,SK30500929,Oncologia,PENDIENTE,Bueno,Propio,1,,2019EBC-0020775,IIB,5
Flujometro,PENDIENTE_BIO_165,Acare,Sencillo,Fo007,Oncologia,PENDIENTE,Bueno,Propio,1,,PENDIENTE,PENDIENTE,PENDIENTE
Bomba de infusion,AJ0663,Baxter,evoiqlvp,SK30500916,Oncologia,PENDIENTE,Bueno,Propio,1,,2019EBC-0020775,IIB,5
Bomba de infusion,AJ0649,Baxter,evoiqlvp,SK30500941,Oncologia,PENDIENTE,Bueno,Propio,1,,2019EBC-0020775,IIB,5
Flujometro,PENDIENTE_BIO_166,Acare,Sencillo,Fo008,Oncologia,PENDIENTE,Bueno,Propio,1,,PENDIENTE,PENDIENTE,PENDIENTE
Bomba de infusion,AJ0653,Baxter,evoiqlvp,SK30500937,Oncologia,PENDIENTE,Bueno,Propio,1,,2019EBC-0020775,IIB,5
Bomba de infusion,AJ0664,Baxter,evoiqlvp,SK30502068,Oncologia,PENDIENTE,Bueno,Propio,1,,2019EBC-0020775,IIB,5
Flujometro,PENDIENTE_BIO_167,Acare,Sencillo,Fo010,Oncologia,PENDIENTE,Bueno,Propio,1,,2015DM-0012723,IIA,5
Bomba de infusion,AJ0648,Baxter,evoiqlvp,SK30500918,Oncologia,PENDIENTE,Bueno,Propio,1,,2019EBC-0020775,IIB,5
Bomba de infusion,AJ0651,Baxter,evoiqlvp,SK30500915,Oncologia,PENDIENTE,Bueno,Propio,1,,2019EBC-0020775,IIB,5
Flujometro,PENDIENTE_BIO_168,Gentec,Sencillo,Fo009,Oncologia,PENDIENTE,Bueno,Propio,1,,PENDIENTE,PENDIENTE,PENDIENTE
Bomba de infusion,AJ0658,Baxter,evoiqlvp,SK30500926,Oncologia,PENDIENTE,Bueno,Propio,1,,2019EBC-0020775,IIB,5
Bomba de infusion,AJ0645,Baxter,evoiqlvp,SK30500932,Oncologia,PENDIENTE,Bueno,Propio,1,,2019EBC-0020775,IIB,5
Flujometro,PENDIENTE_BIO_169,Oxygen,Sencillo,Fo011,Oncologia,PENDIENTE,Bueno,Propio,1,,2015DM-0012723,IIA,5
Bomba de infusion,AJ0639,Baxter,evoiqlvp,SK30500906,Oncologia,PENDIENTE,Bueno,Propio,1,,2019EBC-0020775,IIB,5
Flujometro,PENDIENTE_BIO_170,Oxygen,Sencillo,Fo012,Oncologia,PENDIENTE,Bueno,Propio,1,,2015DM-0012723,IIA,5
Bomba de infusion,AJ0643,Baxter,evoiqlvp,SK30500920,Oncologia,PENDIENTE,Bueno,Propio,1,,2019EBC-0020775,IIB,5
Flujometro,PENDIENTE_BIO_171,Oxygen,Sencillo,Fo013,Oncologia,PENDIENTE,Bueno,Propio,1,,2015DM-0012723,IIA,5
Bomba de infusion,AJ0644,Baxter,evoiqlvp,SK30502059,Oncologia,PENDIENTE,Bueno,Propio,1,,2019EBC-0020775,IIB,5
Bomba de infusion,AJ0659,Baxter,evoiqlvp,SK30500955,Oncologia,PENDIENTE,Bueno,Propio,1,,2019EBC-0020775,IIB,5
Flujometro,PENDIENTE_BIO_172,Wellch Allyn ,Sencillo,Fo014,Oncologia,PENDIENTE,Bueno,Propio,1,,2015DM-0012723,IIA,5
Monitor de signos,AJ1352,Mindray,Umec10,KN-27149081,Oncologia,PENDIENTE,Bueno,Propio,1,,2016EBC-0014448,IIB,10
Bascula,01673,Seca,874,10000001202177,Oncologia,PENDIENTE,Bueno,Propio,1,,NO REPORTA,I,7
Tensiometro,AJ4016,Hill-Rom,Pared,230210104310,Oncologia consultorio ,PENDIENTE,Bueno,Propio,1,,NO REPORTA,I,5
Equipo de organos,AJ4067,Hill-Rom,Pared,NT,Oncologia consultorio ,PENDIENTE,Bueno,Propio,1,,2012DM-0009186,IIA,5
Tensiometro,AJ1356,Hill-Rom,Pared,230210111440,Oncologia consultorio ,PENDIENTE,Bueno,Propio,1,,NO REPORTA,I,5
Equipo de organos,PENDIENTE_BIO_173,Hill-Rom,Pared,NT,Oncologia consultorio ,PENDIENTE,Bueno,Propio,1,,2012DM-0009186,PENDIENTE,PENDIENTE
Tensiometro,AJ1359,Hill-Rom,Pared,230213134220,Oncologia consultorio ,PENDIENTE,Bueno,Propio,1,,NO REPORTA,I,5
Equipo de organos,AJ1358,Hill-Rom,Pared,NT,Oncologia consultorio ,PENDIENTE,Bueno,Propio,1,,2012DM-0009186,IIA,5
Negatoscopio,01905,Generico,1 cuerpo,NT,Oncologia consultorio ,PENDIENTE,Bueno,Propio,1,,PENDIENTE,PENDIENTE,PENDIENTE
Camilla,00959,MB,MB-16-5,CC-8295,Hemodinamia,PENDIENTE,Bueno,Propio,1,,PENDIENTE,PENDIENTE,PENDIENTE
Camilla,00958,MB,MB-16-5,CC-8297 / 17004,Hemodinamia,PENDIENTE,Bueno,Propio,1,,PENDIENTE,PENDIENTE,PENDIENTE
Camilla,00917,MB,MB-16-5,CC-8296,Hemodinamia,PENDIENTE,Bueno,Propio,1,,2014DM-0012181,IIA,5
Camilla,00954,MB,MB-16-5,CC-8302,Hemodinamia,PENDIENTE,Bueno,Propio,1,,PENDIENTE,PENDIENTE,PENDIENTE
Camilla,00957,MB,MB-16-5,CC-8292,Hemodinamia,PENDIENTE,Bueno,Propio,1,,2014DM0012181,IIA,5
Monitor de signos,01835,Mindray,Umec10,KN-27149018,Hemodinamia,PENDIENTE,Bueno,Propio,1,,PENDIENTE,PENDIENTE,PENDIENTE
Monitor de signos,01832,Mindray,Umec10,KN-27148951,Hemodinamia,PENDIENTE,Bueno,Propio,1,,2016EBC-0014448,IIB,10
Monitor de signos,01833,Mindray,Umec10,KN-29152967,Hemodinamia,PENDIENTE,Bueno,Propio,1,,2016EBC-0014448,IIB,10
Bomba de infusion,AJ1347,Hospira,Plum A+,18447545,Hemodinamia,PENDIENTE,Bueno,Propio,1,,2008EBC-0001789,IIB,5
Bomba de infusion,AJ1348,Hospira,Plum A+,21397413,Hemodinamia,PENDIENTE,Bueno,Propio,1,,2008EBC-0001789,IIB,5
Bomba de infusion,AJ1340,Hospira,Plum A+,18442781,Hemodinamia,PENDIENTE,Bueno,Propio,1,,2008EBC-0001789,IIB,5
Flujometro,PENDIENTE_BIO_174,Gentec,Doble,FH004,Hemodinamia,PENDIENTE,Bueno,Propio,1,,PENDIENTE,PENDIENTE,PENDIENTE
Flujometro,PENDIENTE_BIO_175,Gentec,Doble,FH003,Hemodinamia,PENDIENTE,Bueno,Propio,1,,2015DM-0012723,IIA,5
Flujometro,PENDIENTE_BIO_176,Gentec,Doble,FH002,Hemodinamia,PENDIENTE,Bueno,Propio,1,,PENDIENTE,PENDIENTE,PENDIENTE
Bomba de infusion,AJ1341,Hospira,Plum A+,21397650,Hemodinamia,PENDIENTE,Bueno,Propio,1,,2008EBC-0001789,IIB,5
Bomba de infusion,AJ1343,Hospira,Plum A+,18446017,Hemodinamia,PENDIENTE,Bueno,Propio,1,,2008EBC-0001789,IIB,5
Monitor de signos,01827,Mindray,Imec12,EV-14067906,Hemodinamia,PENDIENTE,Bueno,Propio,1,,2009EBC-0003486,IIB,5
Electrocardiografo,01670,Biocare,IE3,A122120113,Hemodinamia,PENDIENTE,Bueno,Propio,1,,2016DM-0014545,IIA,8
Succionador,01804,Pulmo-med,7E-C,YU21120351,Hemodinamia,PENDIENTE,Bueno,Propio,1,,2020DM-0022467,IIB,10
Laringoscopio,PENDIENTE_BIO_177,Welch allyn,60813,LH01,Hemodinamia,PENDIENTE,Bueno,Propio,1,,PENDIENTE,PENDIENTE,PENDIENTE
Desfibrilador,01825,Mindray,Beneheart D3,EZ-29096878,Hemodinamia,PENDIENTE,Bueno,Propio,1,,2020EBC-0005463,IIB,5
Flujometro,PENDIENTE_BIO_178,Oxygen,Sencillo,Fh-007/3770,Hemodinamia,PENDIENTE,Bueno,Propio,1,,PENDIENTE,PENDIENTE,PENDIENTE
Camilla,00956,MB,MB-16-5,CC-8293,Hemodinamia,PENDIENTE,Bueno,Propio,1,,PENDIENTE,PENDIENTE,PENDIENTE
Camilla,00983,MB,MB-16-5,CC-8294,Hemodinamia,PENDIENTE,Bueno,Propio,1,,2014DM0012181,IIA,5
Monitor de signos,01834,Mindray,Umec10,KN-27148963,Hemodinamia,PENDIENTE,Bueno,Propio,1,,2016EBC-0014448,IIB,10
Monitor de signos,01803,Mindray,Umec10,KN-29153039,Hemodinamia,PENDIENTE,Bueno,Propio,1,,2016EBC-0014448,IIB,10
Monitor de signos,01802,Mindray,Umec10,KN-29153085,Hemodinamia,PENDIENTE,Bueno,Propio,1,,2016EBC-0014448,IIB,10
Flujometro,PENDIENTE_BIO_179,Gentec,Sencillo,Fh-006/3756,Hemodinamia,PENDIENTE,Bueno,Propio,1,,PENDIENTE,PENDIENTE,PENDIENTE
Cama hospitalaria,PENDIENTE_BIO_180,MB,NT,MB-082,Hemodinamia,PENDIENTE,Bueno,Propio,1,,PENDIENTE,PENDIENTE,PENDIENTE
Bascula,01669,Seca,874,16666661202182,Hemodinamia,PENDIENTE,Bueno,Propio,1,,NO REPORTA,I,7
Monitor de signos,01845,Mindray,Umec10,KN-92153028,Hemodinamia,PENDIENTE,Bueno,Propio,1,,2016EBC-0014448,IIB,10
Tensiometro,01628 / 6105040398,Welch allyn,Carro,110428203303,Hemodinamia,PENDIENTE,Bueno,Propio,1,,2008DM-0001935,I,5
Termohigrometro,PENDIENTE_BIO_181,Temica,NT,MQ-A-0092,Hemodinamia,PENDIENTE,Bueno,Propio,1,,PENDIENTE,I,5
Termohigrometro,01875,KTJ,TA318,mkth3206,Hemodinamia,PENDIENTE,Bueno,Propio,1,,NO REPORTA,IIA,5
Monitor de signos,02512,Mindray,Ipm12,FH-99049641,Hemodinamia,PENDIENTE,Bueno,Propio,1,,2019EBC-0003486,IIA,10
Inyector,AJ1132,Medtron,Accutron hp,036015022,Hemodinamia,PENDIENTE,Bueno,Propio,1,,2019DM-0004011-R1,IIA,5
Infusor,PENDIENTE_BIO_182,Riester,Metpak,200923814,Hemodinamia,PENDIENTE,Bueno,Propio,1,,PENDIENTE,PENDIENTE,PENDIENTE
Infusor,PENDIENTE_BIO_183,Riester,Metpak,200923774,Hemodinamia,PENDIENTE,Bueno,Propio,1,,PENDIENTE,PENDIENTE,PENDIENTE
Infusor,PENDIENTE_BIO_184,Riester,Metpak,200923826,Hemodinamia,PENDIENTE,Bueno,Propio,1,,2011DM-0008031,I,5
Infusor,PENDIENTE_BIO_185,Riester,Metpak,200923842,Hemodinamia,PENDIENTE,Bueno,Propio,1,,2011DM-0008031,I,5
Ecografo,01603,Mindray,Z60,HF9-36004004,Hemodinamia,PENDIENTE,Bueno,Propio,1,,2023DM-0009612-R1,IIA,10
Flujometro,PENDIENTE_BIO_186,Gentec,Doble,FH001,Hemodinamia,PENDIENTE,Bueno,Propio,1,,PENDIENTE,PENDIENTE,PENDIENTE
Succionador,01823,Pulmo-med,7E-C,YU21120241,Hemodinamia,PENDIENTE,Bueno,Propio,1,,2020DM-0022467,IIA,10
Laringoscopio,01830,Welch allyn,60813,NT,Hemodinamia,PENDIENTE,Bueno,Propio,1,,2008DM-0001919,I,5
Termohigrometro,00556,Temperature,Clock/Humidity,181123,Hemodinamia,PENDIENTE,Bueno,Propio,1,,PENDIENTE,I,5
Desfibrilador,01824,Mindray,Beneheart D3,EZ-33109082,Hemodinamia,PENDIENTE,Bueno,Propio,1,,2020EBC-0005463,IIB,5
Bomba de infusion,AJ1344,Hospira,Plum A+,75240298,Hemodinamia,PENDIENTE,Bueno,Propio,1,,2008EBC-0001789,IIB,5
Bomba de infusion,AJ1342,Hospira,Plum A+,68463246,Hemodinamia,PENDIENTE,Bueno,Propio,1,,2008EBC-0001789,IIB,5
Bomba de infusion,AJ1339,Hospira,Plum A+,18448220,Hemodinamia,PENDIENTE,Bueno,Propio,1,,2008EBC-0001789,IIB,5
Flujometro,PENDIENTE_BIO_187,Gentec,Sencillo,3762,Hemodinamia,PENDIENTE,Bueno,Propio,1,,PENDIENTE,PENDIENTE,PENDIENTE
Regulador de succion,03721,Acare,VRA-701,760vra-007094,Hemodinamia,PENDIENTE,Bueno,Propio,1,,PENDIENTE,PENDIENTE,PENDIENTE
Bomba de infusion,AJ1345,Hospira,Plum A+,18441992,Hemodinamia,PENDIENTE,Bueno,Propio,1,,2008EBC-0001789,IIB,5
Bomba de infusion,AJ1346,Hospira,Plum A+,18443469,Hemodinamia,PENDIENTE,Bueno,Propio,1,,2008EBC-0001789,IIB,5
Angiografo,PENDIENTE_BIO_188,Siemens,Artis Zee,139195,Hemodinamia,PENDIENTE,Bueno,Propio,1,,2008EBC-0001426,IIB,10
Marcapasos,02696,Medtronic,5392,DJH051905P,Hemodinamia,PENDIENTE,Bueno,Propio,1,,2018EBC-0001163,IIB,5
Calentador de paciente,AJ1937,Celsius medical,Calima,230303252,Hemodinamia,PENDIENTE,Bueno,Propio,1,,2016DM-0000253-R1,IIA,5
Cama hospitalaria,01508,Los pinos ,860,50043,Urgencias,PENDIENTE,Bueno,Propio,1,,2023DM-0027454,I,5
Cama hospitalaria,01502,Stryker,Secure 3000,202009,Urgencias,PENDIENTE,Bueno,Propio,1,,PENDIENTE,1,5 AÑOS
Camilla,PENDIENTE_BIO_189,Los pinos ,C-370,78894,Urgencias,PENDIENTE,Bueno,Propio,1,,PENDIENTE,PENDIENTE,PENDIENTE
Cama hospitalaria,PENDIENTE_BIO_190,Stryker,2030,0911033026,Urgencias,PENDIENTE,Bueno,Propio,1,,PENDIENTE,1,5 AÑOS
Cama hospitalaria,01283,MB,NT,MB-041,Urgencias,PENDIENTE,Bueno,Propio,1,,2024DM-0012181,I,5
Cama hospitalaria,01314,MB,NT,MB-091,Urgencias,PENDIENTE,Bueno,Propio,1,,2024DM-0012181,I,5
Cama hospitalaria,01285,MB,NT,MB-016,Urgencias,PENDIENTE,Bueno,Propio,1,,2024DM-0012181,I,5
Bomba de infusion,AJ0381,Hospira,Plum360,41406649,Urgencias,PENDIENTE,Bueno,Propio,1,,PENDIENTE,PENDIENTE,PENDIENTE
Camilla,01517,Generica,NT,NT,Urgencias,PENDIENTE,Bueno,Propio,1,,PENDIENTE,PENDIENTE,PENDIENTE
Camilla,01534,Los pinos ,C-373,67601,Urgencias,PENDIENTE,Bueno,Propio,1,,PENDIENTE,PENDIENTE,PENDIENTE
Camilla,02565,Los pinos ,C-369,74004,Urgencias,PENDIENTE,Bueno,Propio,1,,PENDIENTE,PENDIENTE,PENDIENTE
Camilla,PENDIENTE_BIO_191,Los pinos ,C-369,74008,Urgencias,PENDIENTE,Bueno,Propio,1,,PENDIENTE,PENDIENTE,PENDIENTE
Camilla,01107,Generica,NT,CT-004,Urgencias,PENDIENTE,Bueno,Propio,1,,PENDIENTE,PENDIENTE,PENDIENTE
Camilla,02571,Dometal,NT,NT,Urgencias,PENDIENTE,Bueno,Propio,1,,PENDIENTE,PENDIENTE,PENDIENTE
Camilla,01553,Los pinos ,C-373,77192,Urgencias,PENDIENTE,Bueno,Propio,1,,PENDIENTE,PENDIENTE,PENDIENTE
Camilla,02578,Dometal,NT,D-004,Urgencias,PENDIENTE,Bueno,Propio,1,,PENDIENTE,PENDIENTE,PENDIENTE
Camilla,01779,Hill-Rom,NT,24A65,Urgencias,PENDIENTE,Bueno,Propio,1,,PENDIENTE,PENDIENTE,PENDIENTE
Camilla,PENDIENTE_BIO_192,Los pinos ,C-369,77271,Urgencias,PENDIENTE,Bueno,Propio,1,,PENDIENTE,PENDIENTE,PENDIENTE
Camilla,01776,Los pinos ,C-368,72758,Urgencias,PENDIENTE,Bueno,Propio,1,,PENDIENTE,PENDIENTE,PENDIENTE
Camilla,02576,Los pinos ,C-369,77272,Urgencias,PENDIENTE,Bueno,Propio,1,,PENDIENTE,PENDIENTE,PENDIENTE
Camilla,02569,Los pinos ,C-369,77270,Urgencias,PENDIENTE,Bueno,Propio,1,,PENDIENTE,PENDIENTE,PENDIENTE
Camilla,02570,Los pinos ,C-373,67119,Urgencias,PENDIENTE,Bueno,Propio,1,,PENDIENTE,PENDIENTE,PENDIENTE
Camilla,02557,Los pinos ,C-369,74003,Urgencias,PENDIENTE,Bueno,Propio,1,,PENDIENTE,PENDIENTE,PENDIENTE
Camilla,02572,Los pinos ,C-369,74000,Urgencias,PENDIENTE,Bueno,Propio,1,,PENDIENTE,PENDIENTE,PENDIENTE
Monitor de signos,02000,Mindray,Ipm12,FH-99049787,Urgencias,PENDIENTE,Bueno,Propio,1,,2019EBC-0003486,IIB,5
Bomba de nutricion,AJ1963,Abbott,Free go,(21)af22333180,Urgencias,PENDIENTE,Bueno,Propio,1,,2011EBC-0008205,IIA,5
Monitor de signos,01599,Mindray,Umec10,KN-33189033,Urgencias,PENDIENTE,Bueno,Propio,1,,2016EBC-001448,IIB,10
Nebulizador ,01787,Yuwell,403T,yu21010066,Urgencias,PENDIENTE,Bueno,Propio,1,,PENDIENTE,PENDIENTE,PENDIENTE
Desfibrilador,00413 / 01524,Mindray,Beneheart D3,EZ-03035171,Urgencias,PENDIENTE,Bueno,Propio,1,,2020EBC-0005463,IIB,5
Flujometro,PENDIENTE_BIO_193,Gentec,Doble,61k20060033 / 478/61k200361,Urgencias,PENDIENTE,Bueno,Propio,1,,PENDIENTE,PENDIENTE,PENDIENTE
Laringoscopio,01167,Welch allyn,60813,NT,Urgencias,PENDIENTE,Bueno,Propio,1,,PENDIENTE,PENDIENTE,PENDIENTE
Laringoscopio,01168,Welch allyn,60813,NT,Urgencias,PENDIENTE,Bueno,Propio,1,,PENDIENTE,PENDIENTE,PENDIENTE
Regulador de succion,03492,Vacutron,NT,NT,Urgencias,PENDIENTE,Bueno,Propio,1,,PENDIENTE,PENDIENTE,PENDIENTE
Bomba de infusion,AJ0411,Hospira,Plum A+,23056259,Urgencias,PENDIENTE,Bueno,Propio,1,,PENDIENTE,PENDIENTE,PENDIENTE
Bomba de infusion,AJ4564,Hospira,Plum A+,21395458,Urgencias,PENDIENTE,Bueno,Propio,1,,PENDIENTE,PENDIENTE,PENDIENTE
Bomba de infusion,AJ4549,Hospira,Plum A+,21400572,Urgencias,PENDIENTE,Bueno,Propio,1,,PENDIENTE,PENDIENTE,PENDIENTE
Bomba de infusion,AJ4537,Hospira,Plum A+,21395533,Urgencias,PENDIENTE,Bueno,Propio,1,,PENDIENTE,PENDIENTE,PENDIENTE
Bomba de infusion,AJ4575,Hospira,Plum A+,21400491,Urgencias,PENDIENTE,Bueno,Propio,1,,PENDIENTE,PENDIENTE,PENDIENTE
Bomba de infusion,AJ0325,Hospira,Plum A+,17848073,Urgencias,PENDIENTE,Bueno,Propio,1,,PENDIENTE,PENDIENTE,PENDIENTE
Bomba de infusion,AJ4547,Hospira,Plum A+,18447497,Urgencias,PENDIENTE,Bueno,Propio,1,,PENDIENTE,PENDIENTE,PENDIENTE
Bomba de infusion,AJ4574,Hospira,Plum A+,21400553,Urgencias,PENDIENTE,Bueno,Propio,1,,PENDIENTE,PENDIENTE,PENDIENTE
Bomba de infusion,AJ0414,Hospira,Plum A+,17947611,Urgencias,PENDIENTE,Bueno,Propio,1,,PENDIENTE,PENDIENTE,PENDIENTE
Bomba de infusion,AJ1978,Hospira,Plum A+,17950960,Urgencias,PENDIENTE,Bueno,Propio,1,,PENDIENTE,PENDIENTE,PENDIENTE
Bomba de infusion,AJ1956,Hospira,Plum A+,23057819,Urgencias,PENDIENTE,Bueno,Propio,1,,PENDIENTE,PENDIENTE,PENDIENTE
Bomba de infusion,AJ0431,Hospira,Plum360,41406654,Urgencias,PENDIENTE,Bueno,Propio,1,,PENDIENTE,PENDIENTE,PENDIENTE
Bomba de infusion,AJ0424,Hospira,Plum A+,18460154,Urgencias,PENDIENTE,Bueno,Propio,1,,PENDIENTE,PENDIENTE,PENDIENTE
Bomba de infusion,AJ19635,Hospira,Plum A+,17956580,Urgencias,PENDIENTE,Bueno,Propio,1,,PENDIENTE,PENDIENTE,PENDIENTE
Bomba de infusion,AJ0464,Hospira,Plum A+,18442672,Urgencias,PENDIENTE,Bueno,Propio,1,,PENDIENTE,PENDIENTE,PENDIENTE
Ventilador mecanico,01431,Aeonmed,VG70,VG70(U)XZZS33910,Urgencias,PENDIENTE,Bueno,Propio,1,,2013DM-0010854,IIB,7
Ventilador mecanico,AJ1008,Aeonmed,VG70,VG70(U)XZZS33726,Urgencias,PENDIENTE,Bueno,Propio,1,,PENDIENTE,PENDIENTE,PENDIENTE
Flujometro,PENDIENTE_BIO_194,Acare,Sencillo,1340409,Urgencias,PENDIENTE,Bueno,Propio,1,,PENDIENTE,PENDIENTE,PENDIENTE
Tensiometro,PENDIENTE_BIO_195,GMD,Portatil,0197,Urgencias,PENDIENTE,Bueno,Propio,1,,PENDIENTE,PENDIENTE,PENDIENTE
Tensiometro,PENDIENTE_BIO_196,GMD,Portatil,0123,Urgencias,PENDIENTE,Bueno,Propio,1,,PENDIENTE,PENDIENTE,PENDIENTE
Tensiometro,01390,Welch allyn,Carro,110408103751,Urgencias,PENDIENTE,Bueno,Propio,1,,PENDIENTE,I,5
Infusor,PENDIENTE_BIO_197,Erka,NT,13028467,Urgencias,PENDIENTE,Bueno,Propio,1,,PENDIENTE,PENDIENTE,PENDIENTE
Camilla,01519,Los pinos ,C-373,68611,Urgencias,PENDIENTE,Bueno,Propio,1,,PENDIENTE,PENDIENTE,PENDIENTE
Camilla,03825 / 01531,Los pinos ,C-373,67603,Urgencias,PENDIENTE,Bueno,Propio,1,,PENDIENTE,PENDIENTE,PENDIENTE
Camilla,01567,Los pinos ,C-368,67519,Urgencias,PENDIENTE,Bueno,Propio,1,,PENDIENTE,PENDIENTE,PENDIENTE
Monitor de signos,00901,Mindray,Umec10,KN-33189034,Urgencias,PENDIENTE,Bueno,Propio,1,,2016EBC-0014448,IIB,10
Monitor de signos,01597,Mindray,Umec10,KN-33189053,Urgencias,PENDIENTE,Bueno,Propio,1,,2016EBC-0014448,IIB,10
Ventilador mecanico,01541,Puritan bennett,PB840,3512120088,Urgencias,PENDIENTE,Bueno,Propio,1,,2008EBC-0001832,IIB,5
Ventilador mecanico,01526,Puritan bennett,PB840,3121218800,Urgencias,PENDIENTE,Bueno,Propio,1,,2008EBC-0001832,IIB,5
Bomba de infusion,AJ4561,Hospira,Plum A+,18447564,Urgencias,PENDIENTE,Bueno,Propio,1,,PENDIENTE,PENDIENTE,PENDIENTE
Bomba de infusion,AJ4532,Hospira,Plum A+,18460044,Urgencias,PENDIENTE,Bueno,Propio,1,,PENDIENTE,PENDIENTE,PENDIENTE
Bomba de infusion,AJ0483,Hospira,Plum A+,18442687,Urgencias,PENDIENTE,Bueno,Propio,1,,PENDIENTE,PENDIENTE,PENDIENTE
Bomba de infusion,PENDIENTE_BIO_198,Hospira,Plum A+,18467268,Urgencias,PENDIENTE,Bueno,Propio,1,,PENDIENTE,PENDIENTE,PENDIENTE
Bomba de infusion,AJ0005,Hospira,Plum A+,18442713,Urgencias,PENDIENTE,Bueno,Propio,1,,PENDIENTE,PENDIENTE,PENDIENTE
Bomba de infusion,AJ0360,Hospira,Plum A+,18442646,Urgencias,PENDIENTE,Bueno,Propio,1,,PENDIENTE,PENDIENTE,PENDIENTE
Bomba de infusion,AJ1929,Hospira,Plum A+,17947897,Urgencias,PENDIENTE,Bueno,Propio,1,,PENDIENTE,PENDIENTE,PENDIENTE
Bomba de infusion,AJ1879,Hospira,Plum A+,17955606,Urgencias,PENDIENTE,Bueno,Propio,1,,PENDIENTE,PENDIENTE,PENDIENTE
Bomba de infusion,AJ0437,Hospira,Plum360,41408760,Urgencias,PENDIENTE,Bueno,Propio,1,,PENDIENTE,PENDIENTE,PENDIENTE
Flujometro,PENDIENTE_BIO_199,Gentec,Fm197b-15l-00,61k20060033/495 / 61k20060033/468,Urgencias,PENDIENTE,Bueno,Propio,1,,NO REGISTRA,IIA,5
Regulador de succion,01128,Acare,VRA-701,760vra-007099,Urgencias,PENDIENTE,Bueno,Propio,1,,PENDIENTE,PENDIENTE,PENDIENTE
Lampara pielitica,01770,martin kls,ml301,ml301080010s0379,Urgencias,PENDIENTE,Bueno,Propio,1,,PENDIENTE,PENDIENTE,PENDIENTE
Visualizador de venas,01565,Vision,VEIN VIEWER,VISXA0956,Urgencias,PENDIENTE,Bueno,Propio,1,,2014DM-0012074,IIA,10
Laringoscopio,PENDIENTE_BIO_200,Welch allyn,60813,LU07,Urgencias,PENDIENTE,Bueno,Propio,1,,PENDIENTE,PENDIENTE,PENDIENTE
Camilla,00185 / 01539,Los pinos ,C-370,79209,Urgencias,PENDIENTE,Bueno,Propio,1,,PENDIENTE,PENDIENTE,PENDIENTE
Camilla,02563,Los pinos ,C-369,77259,Urgencias,PENDIENTE,Bueno,Propio,1,,PENDIENTE,PENDIENTE,PENDIENTE
Camilla,02575,Los pinos ,C-369,74001,Urgencias,PENDIENTE,Bueno,Propio,1,,PENDIENTE,PENDIENTE,PENDIENTE
Camilla,01514,Los pinos ,LS-4C,CP-002,Urgencias,PENDIENTE,Bueno,Propio,1,,PENDIENTE,PENDIENTE,PENDIENTE
Camilla,03576,Los pinos ,LS-4C,CH-002,Urgencias,PENDIENTE,Bueno,Propio,1,,PENDIENTE,PENDIENTE,PENDIENTE
Camilla,01537,Generica,NT,G-1537,Urgencias,PENDIENTE,Bueno,Propio,1,,PENDIENTE,PENDIENTE,PENDIENTE
Flujometro,CLI0335 / CLI0334,Amvex,Doble,Fma013989bm / Fma015271kl,Urgencias,PENDIENTE,Bueno,Propio,1,,PENDIENTE,PENDIENTE,PENDIENTE
Regulador de succion,03722,Acare,VRA-701,760vra-007107,Urgencias,PENDIENTE,Bueno,Propio,1,,2014DM-0011125,IIA,5
Camilla,PENDIENTE_BIO_201,Los pinos ,C-376,70087,Urgencias,PENDIENTE,Bueno,Propio,1,,PENDIENTE,PENDIENTE,PENDIENTE
Equipo de organos,01775,Hill-Rom,Pared,EO-0002,Urgencias,PENDIENTE,Bueno,Propio,1,,2012DM-0009186,IIA,8
Tensiometro,01773,Welch allyn,Pared,089566298,Urgencias,PENDIENTE,Bueno,Propio,1,,NO REGISTRA,I,5
Bascula,02159,Health o meter,digital,8440138553,Urgencias,PENDIENTE,Bueno,Propio,1,,NO REGISTRA,I,5
Tensiometro,01563,Welch allyn,Carro,0801009085937,Urgencias,PENDIENTE,Bueno,Propio,1,,PENDIENTE,PENDIENTE,PENDIENTE
Camilla,01544,Los pinos ,C-373,67598,Urgencias,PENDIENTE,Bueno,Propio,1,,PENDIENTE,PENDIENTE,PENDIENTE
Camilla,02166,MB,MB-16-1,CC-8916,Urgencias,PENDIENTE,Bueno,Propio,1,,PENDIENTE,PENDIENTE,PENDIENTE
Bomba de infusion,AJ0445,Hospira,Plum360,41408607,Urgencias,PENDIENTE,Bueno,Propio,1,,PENDIENTE,PENDIENTE,PENDIENTE
Tensiometro,01583,Welch allyn,Pared,080109090623,Urgencias,PENDIENTE,Bueno,Propio,1,,NO REGISTRA,I,5
Equipo de organos,00377,Hill-Rom,Pared,EO-0003,Urgencias,PENDIENTE,Bueno,Propio,1,,2012DM-0009186,IIA,8
Bascula,01581,Detecto,339,e28608-0165,Urgencias,PENDIENTE,Bueno,Propio,1,,NO REGISTRA,I,5
Monitor de signos,01574,Penlon,SPM5,CM-19020283,Urgencias,PENDIENTE,Bueno,Propio,1,,PENDIENTE,PENDIENTE,PENDIENTE
Electrocardiografo,01124,Biocare,IE3,A122120109,Urgencias,PENDIENTE,Bueno,Propio,1,,2014DM-0011951,IIA,8
Lampara pielitica,01582,Welch allyn,LS-135,NT,Urgencias,PENDIENTE,Bueno,Propio,1,,PENDIENTE,PENDIENTE,PENDIENTE
Bascula,01762 / 01149,Detecto,339,E27608-0163,Urgencias,PENDIENTE,Bueno,Propio,1,,NO REGISTRA,I,5
Equipo de organos,00352,Hill-Rom,Pared,EO-0001,Urgencias,PENDIENTE,Bueno,Propio,1,,2012DM-0009186,IIA,8
Tensiometro,01576,Tycos,Pared,9311301841,Urgencias,PENDIENTE,Bueno,Propio,1,,NO REQUIERE,I,5
Pesa bebe ,03568,Health o meter,NT,CC-0025,Urgencias,PENDIENTE,Bueno,Propio,1,,NO REGISTRA,I ,5
Monitor fetal,01587,edan,f3,460355-m16204450016,Urgencias,PENDIENTE,Bueno,Propio,1,,2008EBC-0001738,IIB,10
Camilla,02052,MB,MB-16-1,CC-8703,Urgencias,PENDIENTE,Bueno,Propio,1,,PENDIENTE,PENDIENTE,PENDIENTE
Camilla,02568,Los pinos ,C-368,67071,Urgencias,PENDIENTE,Bueno,Propio,1,,PENDIENTE,PENDIENTE,PENDIENTE
Bomba de infusion,AJ0469,Hospira,Plum A+,18442771,Urgencias,PENDIENTE,Bueno,Propio,1,,PENDIENTE,PENDIENTE,PENDIENTE
Tensiometro,01589,Welch allyn,Pared,080109081920,Urgencias,PENDIENTE,Bueno,Propio,1,,NO REGISTRA,I,5
Equipo de organos,01588,Welch allyn,Pared,EO-0004,Urgencias,PENDIENTE,Bueno,Propio,1,,2017DM-0017337,IIA,5
Equipo de organos,02037,Welch allyn,Pared,EO-0005,Urgencias,PENDIENTE,Bueno,Propio,1,,2022DM-0009186,IIA,5
Flujometro,PENDIENTE_BIO_202,Acare,Sencillo,1340543,Urgencias,PENDIENTE,Bueno,Propio,1,,PENDIENTE,PENDIENTE,PENDIENTE
Camilla,01761,Los pinos ,C-374,79554,Urgencias,PENDIENTE,Bueno,Propio,1,,PENDIENTE,PENDIENTE,PENDIENTE
Bomba de infusion,AJ0419,Hospira,Plum A+,17951528,Urgencias,PENDIENTE,Bueno,Propio,1,,PENDIENTE,PENDIENTE,PENDIENTE
Bomba de infusion,AJ4548,Hospira,Plum A+,21400289,Urgencias,PENDIENTE,Bueno,Propio,1,,PENDIENTE,PENDIENTE,PENDIENTE
Camilla,00402,dometal,NT,CC0064,Urgencias,PENDIENTE,Bueno,Propio,1,,PENDIENTE,PENDIENTE,PENDIENTE
Camilla,02069,MB,MB-16-1,CC-8708,Urgencias,PENDIENTE,Bueno,Propio,1,,PENDIENTE,PENDIENTE,PENDIENTE
Camilla,02124,MB,MB-16-1,CC-8921,Urgencias,PENDIENTE,Bueno,Propio,1,,2018DM-0002616,IIA,NO REGISTRA
Bomba de infusion,AJ4550,Hospira,Plum A+,21400590,Urgencias,PENDIENTE,Bueno,Propio,1,,PENDIENTE,PENDIENTE,PENDIENTE
Bomba de infusion,AJ0493,Hospira,Plum A+,18442712,Urgencias,PENDIENTE,Bueno,Propio,1,,PENDIENTE,PENDIENTE,PENDIENTE
Bomba de infusion,AJ0917,Hospira,Plum A+,18440270,Urgencias,PENDIENTE,Bueno,Propio,1,,PENDIENTE,PENDIENTE,PENDIENTE
Bomba de infusion,AJ1957,Hospira,Plum A+,23056544,Urgencias,PENDIENTE,Bueno,Propio,1,,PENDIENTE,PENDIENTE,PENDIENTE
Bomba de infusion,PENDIENTE_BIO_203,Hospira,Plum A+,18462946,Urgencias,PENDIENTE,Bueno,Propio,1,,PENDIENTE,PENDIENTE,PENDIENTE
Monitor de signos,00272,Comen,Star8000E,E7201217025,Urgencias,PENDIENTE,Bueno,Propio,1,,2015EBC-0013161,IIB,7
Monitor de signos,01600,Mindray,Umec10,KN-33189055,Urgencias,PENDIENTE,Bueno,Propio,1,,2016EBC-0014448,IIB,10
Regulador de succion,PENDIENTE_BIO_204,Acare,VRF-701,760vrf-004040,Urgencias,PENDIENTE,Bueno,Propio,1,,PENDIENTE,PENDIENTE,PENDIENTE
Flujometro,PENDIENTE_BIO_205,Amvex,Doble,F07202,Urgencias,PENDIENTE,Bueno,Propio,1,,PENDIENTE,PENDIENTE,PENDIENTE
Camilla,01742,Los pinos ,C-373,68610,Urgencias,PENDIENTE,Bueno,Propio,1,,PENDIENTE,PENDIENTE,PENDIENTE
Camilla,01398,Dometal,NT,CC0065,Urgencias,PENDIENTE,Bueno,Propio,1,,PENDIENTE,PENDIENTE,PENDIENTE
Bomba de infusion,AJ4559,Hospira,Plum A+,21400432,Urgencias,PENDIENTE,Bueno,Propio,1,,PENDIENTE,PENDIENTE,PENDIENTE
Bomba de infusion,AJ4587,Hospira,Plum A+,18461993,Urgencias,PENDIENTE,Bueno,Propio,1,,PENDIENTE,PENDIENTE,PENDIENTE
Camilla,02567,Los pinos ,C-370,79206,Urgencias,PENDIENTE,Bueno,Propio,1,,PENDIENTE,PENDIENTE,PENDIENTE
Bomba de infusion,AJ0403,Hospira,Plum A+,17948064,Urgencias,PENDIENTE,Bueno,Propio,1,,PENDIENTE,PENDIENTE,PENDIENTE
Flujometro,PENDIENTE_BIO_206,Gentec,Doble,1900091138 / 19030091,Urgencias,PENDIENTE,Bueno,Propio,1,,PENDIENTE,PENDIENTE,PENDIENTE
Camilla,01529,Los pinos ,C-370,79202,Urgencias,PENDIENTE,Bueno,Propio,1,,PENDIENTE,PENDIENTE,PENDIENTE
Camilla,02562,Los pinos ,C-368,73999,Urgencias,PENDIENTE,Bueno,Propio,1,,PENDIENTE,PENDIENTE,PENDIENTE
Camilla,02046,MB,MB-16-1,CC-8706,Urgencias,PENDIENTE,Bueno,Propio,1,,PENDIENTE,PENDIENTE,PENDIENTE
Camilla,01765,Los pinos ,C-369,74047,Urgencias,PENDIENTE,Bueno,Propio,1,,PENDIENTE,PENDIENTE,PENDIENTE
Camilla,01543,Generica,NT,CM-002,Urgencias,PENDIENTE,Bueno,Propio,1,,PENDIENTE,PENDIENTE,PENDIENTE
Camilla,PENDIENTE_BIO_207,Los pinos ,C-374,79545,Urgencias,PENDIENTE,Bueno,Propio,1,,PENDIENTE,PENDIENTE,PENDIENTE
Bomba de infusion,AJ4193,Hospira,Plum A+,17957351,Urgencias,PENDIENTE,Bueno,Propio,1,,PENDIENTE,PENDIENTE,PENDIENTE
Bomba de infusion,AJ4531,Hospira,Plum A+,21402021,Urgencias,PENDIENTE,Bueno,Propio,1,,PENDIENTE,PENDIENTE,PENDIENTE
Camilla,PENDIENTE_BIO_208,Los pinos ,C-369,74007,Urgencias,PENDIENTE,Bueno,Propio,1,,PENDIENTE,PENDIENTE,PENDIENTE
Camilla,01516,Los pinos ,C-370,78902,Urgencias,PENDIENTE,Bueno,Propio,1,,PENDIENTE,PENDIENTE,PENDIENTE
Bomba de infusion,AJ4573,Hospira,Plum A+,18466279,Urgencias,PENDIENTE,Bueno,Propio,1,,PENDIENTE,PENDIENTE,PENDIENTE
Camilla,01108,Los pinos ,NT,CT-003,Urgencias,PENDIENTE,Bueno,Propio,1,,PENDIENTE,PENDIENTE,PENDIENTE
Bomba de infusion,AJ4558,Hospira,Plum A+,21400649,Urgencias,PENDIENTE,Bueno,Propio,1,,PENDIENTE,PENDIENTE,PENDIENTE
Flujometro,PENDIENTE_BIO_209,Acare,NT,1340406,Urgencias,PENDIENTE,Bueno,Propio,1,,PENDIENTE,PENDIENTE,PENDIENTE
Monitor de signos,00257,Comen,C30,K3200526026,Urgencias,PENDIENTE,Bueno,Propio,1,,2015EBC-0013161,IIB,5
Bomba de infusion,AJ0436,Hospira,Plum A+,17949583,Urgencias,PENDIENTE,Bueno,Propio,1,,PENDIENTE,PENDIENTE,PENDIENTE
Monitor de signos,01129,Mindray,Umec10,KN-27149044,Urgencias,PENDIENTE,Bueno,Propio,1,,2016EBC-0014448,IIB,10
Camilla,PENDIENTE_BIO_210,Los pinos ,C-368,72605,Urgencias,PENDIENTE,Bueno,Propio,1,,PENDIENTE,PENDIENTE,PENDIENTE
Flujometro,PENDIENTE_BIO_211,Flow meter,NT,NT,Urgencias,PENDIENTE,Bueno,Propio,1,,PENDIENTE,PENDIENTE,PENDIENTE
Camilla,01550,Dometal,NT,CC-0066,Urgencias,PENDIENTE,Bueno,Propio,1,,PENDIENTE,PENDIENTE,PENDIENTE
Camilla,02566,Los pinos ,C-369,74011,Urgencias,PENDIENTE,Bueno,Propio,1,,PENDIENTE,PENDIENTE,PENDIENTE
Bomba de infusion,AJ0362,Hospira,Plum A+,17948420,Urgencias,PENDIENTE,Bueno,Propio,1,,PENDIENTE,PENDIENTE,PENDIENTE
Flujometro,PENDIENTE_BIO_212,Acare,Sencillo,1640412,Urgencias,PENDIENTE,Bueno,Propio,1,,PENDIENTE,PENDIENTE,PENDIENTE
Camilla,02125,MB,MB-16-1,CC-8917,Urgencias,PENDIENTE,Bueno,Propio,1,,PENDIENTE,PENDIENTE,PENDIENTE
Bomba de infusion,PENDIENTE_BIO_213,Hospira,Plum A+,21398106,Urgencias,PENDIENTE,Bueno,Propio,1,,PENDIENTE,PENDIENTE,PENDIENTE
Cama hospitalaria,01284,Dometal,NT,810,Urgencias,PENDIENTE,Bueno,Propio,1,,2014DM-0010936,I,5
Monitor de signos,00275,Comen,Star8000E,E7201217021,Urgencias,PENDIENTE,Bueno,Propio,1,,2015EBC-0013161,IIB,7
Bomba de infusion,AJ0351,Hospira,Plum A+,75240623,Urgencias,PENDIENTE,Bueno,Propio,1,,PENDIENTE,PENDIENTE,PENDIENTE
Bomba de infusion,AJ0368,Hospira,Plum A+,17948196,Urgencias,PENDIENTE,Bueno,Propio,1,,PENDIENTE,PENDIENTE,PENDIENTE
Camilla,02048,MB,MB-16-1,CC-8709,Urgencias,PENDIENTE,Bueno,Propio,1,,PENDIENTE,PENDIENTE,PENDIENTE
Bomba de infusion,AJ0310,Hospira,Plum A+,18463420,Urgencias,PENDIENTE,Bueno,Propio,1,,PENDIENTE,PENDIENTE,PENDIENTE
Bomba de infusion,AJ1962,Hospira,Plum A+,17956831,Urgencias,PENDIENTE,Bueno,Propio,1,,PENDIENTE,PENDIENTE,PENDIENTE
Monitor de signos,01554,Mindray,Mec-1200,CC-3A127311,Urgencias,PENDIENTE,Bueno,Propio,1,,2009EBC-0003486,IIB,5
Camilla,00255,Dometal,NT,D-094,Urgencias,PENDIENTE,Bueno,Propio,1,,PENDIENTE,PENDIENTE,PENDIENTE
Camilla,03826,Los pinos ,C-373,67599,Urgencias,PENDIENTE,Bueno,Propio,1,,PENDIENTE,PENDIENTE,PENDIENTE
Monitor de signos,01396,Mindray,PM-7000,CE-88108338,Urgencias,PENDIENTE,Bueno,Propio,1,,2008EBC-0001971,IIB,5
Camilla,PENDIENTE_BIO_214,Los pinos ,C-369,74005,Urgencias,PENDIENTE,Bueno,Propio,1,,PENDIENTE,PENDIENTE,PENDIENTE
Bomba de infusion,AJ0418,Hospira,Plum A+,17948593,Urgencias,PENDIENTE,Bueno,Propio,1,,PENDIENTE,PENDIENTE,PENDIENTE
Flujometro,PENDIENTE_BIO_215,Acare,Sencillo,1340415,Urgencias,PENDIENTE,Bueno,Propio,1,,PENDIENTE,PENDIENTE,PENDIENTE
Camilla,02050,MB,MB-16-1,CC-8702,Urgencias,PENDIENTE,Bueno,Propio,1,,PENDIENTE,PENDIENTE,PENDIENTE
Camilla,03823,Los pinos ,C-373,67607,Urgencias,PENDIENTE,Bueno,Propio,1,,PENDIENTE,PENDIENTE,PENDIENTE
Bomba de infusion,AJ4536,Hospira,Plum A+,18446994,Urgencias,PENDIENTE,Bueno,Propio,1,,PENDIENTE,PENDIENTE,PENDIENTE
Flujometro,PENDIENTE_BIO_216,NT,Sencillo,Cu03605b,Urgencias,PENDIENTE,Bueno,Propio,1,,PENDIENTE,PENDIENTE,PENDIENTE
Camilla,01105,Generica,NT,CT-005,Urgencias,PENDIENTE,Bueno,Propio,1,,PENDIENTE,PENDIENTE,PENDIENTE
Camilla,03578,Los pinos ,C-368,72937,Urgencias,PENDIENTE,Bueno,Propio,1,,PENDIENTE,PENDIENTE,PENDIENTE
Camilla,PENDIENTE_BIO_217,Los pinos ,C-368,72609,Urgencias,PENDIENTE,Bueno,Propio,1,,PENDIENTE,PENDIENTE,PENDIENTE
Bomba de infusion,AJ1936,Hospira,Plum A+,17955580,Urgencias,PENDIENTE,Bueno,Propio,1,,PENDIENTE,PENDIENTE,PENDIENTE
Bomba de infusion,AJ0350,Hospira,Plum A+,17948542,Urgencias,PENDIENTE,Bueno,Propio,1,,PENDIENTE,PENDIENTE,PENDIENTE
Camilla,01556,Los pinos ,C-373,66575,Urgencias,PENDIENTE,Bueno,Propio,1,,PENDIENTE,PENDIENTE,PENDIENTE
Camilla,02045,MB,MB-16-1,CC-8701,Urgencias,PENDIENTE,Bueno,Propio,1,,PENDIENTE,PENDIENTE,PENDIENTE
Tensiometro,PENDIENTE_BIO_218,Welch allyn,Carro,08010908693,Urgencias,PENDIENTE,Bueno,Propio,1,,NO REGISTRA,I,5
Sierra para yeso,6105010248,Hebu medical,HB8891,NT,Urgencias,PENDIENTE,Bueno,Propio,1,,NO REGISTRA,I,5
Camilla,01732,Los pinos ,C-373,67194,Urgencias,PENDIENTE,Bueno,Propio,1,,PENDIENTE,PENDIENTE,PENDIENTE
Camilla,01528,Los pinos ,C-370,78900,Urgencias,PENDIENTE,Bueno,Propio,1,,PENDIENTE,PENDIENTE,PENDIENTE
Bascula,PENDIENTE_BIO_219,Health o meter,844KL,8440138553,Urgencias,PENDIENTE,Bueno,Propio,1,,PENDIENTE,PENDIENTE,PENDIENTE
tensiometro,6105020562,Welch allyn,Pared,109432498,Urgencias,PENDIENTE,Bueno,Propio,1,,NO REGISTRA,I,5
Equipo de organos,02033,Hill-Rom,Pared,NT,Urgencias,PENDIENTE,Bueno,Propio,1,,NO REGISTRA,IIA,8
Bascula,01643,Detecto,339,e27608-0175,Urgencias,PENDIENTE,Bueno,Propio,1,,NO REGISTRA,I,5
Bascula,01925,Detecto,339,e27608-0168,Urgencias,PENDIENTE,Bueno,Propio,1,,NO REGISTRA,I  ,5
Monitor de signos,01538,Mindray,Mec-1200,CC-8C107127,Urgencias,PENDIENTE,Bueno,Propio,1,,2009EBC-0003486,IIB,5
Monitor de signos,01561,Mindray,Mec-1200,CC-3A127306,Urgencias,PENDIENTE,Bueno,Propio,1,,2009EBC-0003486,IIB,5
Desfibrilador,01303,Nihon Kohden,Tec-5531e,00930,Taller biomedico,PENDIENTE,Bueno,Propio,1,,2019EBC-0002632,IIB,5
Infusor,PENDIENTE_BIO_220,Riester,Metpak,200923963,Taller biomedico,PENDIENTE,Bueno,Propio,1,,2011DM-0008031,I,5
Infusor,PENDIENTE_BIO_221,Riester,Metpak,200923809,Taller biomedico,PENDIENTE,Bueno,Propio,1,,2011DM-0008031,I,5
Infusor,PENDIENTE_BIO_222,Riester,Metpak,200923771,Taller biomedico,PENDIENTE,Bueno,Propio,1,,2011DM-0008031,I,5
Infusor,PENDIENTE_BIO_223,Riester,Metpak,200923833,Taller biomedico,PENDIENTE,Bueno,Propio,1,,2011DM-0008031,I,5
Infusor,PENDIENTE_BIO_224,Riester,Metpak,200923782,Taller biomedico,PENDIENTE,Bueno,Propio,1,,2011DM-0008031,I,5
Infusor,PENDIENTE_BIO_225,Riester,Metpak,200923792,Taller biomedico,PENDIENTE,Bueno,Propio,1,,2011DM-0008031,I,5
Fuente de luz,00248,Tecnoclinica,nfr-220-006-000,88ZZ013701,Taller biomedico,PENDIENTE,Bueno,Propio,1,,PENDIENTE,PENDIENTE,PENDIENTE
Bomba de infusion,AJ0002,Hospira,Plum360,41406656,Hospitalizacion 6B,PENDIENTE,Bueno,Propio,1,,PENDIENTE,PENDIENTE,PENDIENTE
Bomba de infusion,AJ0383,Hospira,Plum360,41406669,Hospitalizacion 6B,PENDIENTE,Bueno,Propio,1,,PENDIENTE,PENDIENTE,PENDIENTE
Bomba de infusion,AJ0609,Hospira,Plum360,41406657,Taller- para retirar,PENDIENTE,Bueno,Propio,1,,PENDIENTE,PENDIENTE,PENDIENTE
Bomba de infusion,AJ1953,Hospira,Plum A+,17951884,Taller- para retirar,PENDIENTE,Bueno,Propio,1,,PENDIENTE,PENDIENTE,PENDIENTE
Bomba de infusion,AJ1930,Hospira,Plum A+,17949455,Taller- para retirar,PENDIENTE,Bueno,Propio,1,,PENDIENTE,PENDIENTE,PENDIENTE
Bomba de infusion,AJ0465,Hospira,Plum A+,18442688,Taller- para retirar,PENDIENTE,Bueno,Propio,1,,PENDIENTE,PENDIENTE,PENDIENTE
Bomba de infusion,AJ0326,Hospira,Plum A+,17951495,Hospitalizacion 5A,PENDIENTE,Bueno,Propio,1,,PENDIENTE,PENDIENTE,PENDIENTE
Bomba de infusion,AJ4180,Hospira,Plum A+,21397765,Taller- para retirar,PENDIENTE,Bueno,Propio,1,,PENDIENTE,PENDIENTE,PENDIENTE
Bomba de infusion,AJ0494,Hospira,Plum A+,18442007,Taller- para retirar,PENDIENTE,Bueno,Propio,1,,PENDIENTE,PENDIENTE,PENDIENTE
Bomba de infusion,AJ0352,Hospira,Plum A+,18442679,Hospitalizacion 5B,PENDIENTE,Bueno,Propio,1,,PENDIENTE,PENDIENTE,PENDIENTE
Bomba de infusion,AJ0603,Hospira,Plum A+,17951493,Hospitalizacion 5B,PENDIENTE,Bueno,Propio,1,,PENDIENTE,PENDIENTE,PENDIENTE
Bomba de infusion,AJ0394,Hospira,Plum A+,17951473,Hospitalizacion 5A,PENDIENTE,Bueno,Propio,1,,PENDIENTE,PENDIENTE,PENDIENTE
Bomba de infusion,PENDIENTE_BIO_226,Hospira,Plum A+,18442668,Taller- para retirar,PENDIENTE,Bueno,Propio,1,,PENDIENTE,PENDIENTE,PENDIENTE
Bomba de infusion,AJ4187,Hospira,Plum A+,17955664,Taller- para retirar,PENDIENTE,Bueno,Propio,1,,PENDIENTE,PENDIENTE,PENDIENTE
Bomba de infusion,AJ0423,Hospira,Plum A+,18465961,Taller- para retirar,PENDIENTE,Bueno,Propio,1,,PENDIENTE,PENDIENTE,PENDIENTE
Bomba de infusion,AJ0369,Hospira,Plum A+,17951969,Hospitalizacion 2 VIP,PENDIENTE,Bueno,Propio,1,,PENDIENTE,PENDIENTE,PENDIENTE
Bomba de infusion,AJ0358,Hospira,Plum A+,18442682,Taller- para retirar,PENDIENTE,Bueno,Propio,1,,PENDIENTE,PENDIENTE,PENDIENTE
Bomba de infusion,AJ0357,Hospira,Plum A+,18438778,Taller- para retirar,PENDIENTE,Bueno,Propio,1,,PENDIENTE,PENDIENTE,PENDIENTE
Bomba de infusion,AJ4518,Hospira,Plum A+,17949230,Hospitalizacion 2 VIP,PENDIENTE,Bueno,Propio,1,,PENDIENTE,PENDIENTE,PENDIENTE
Succionador,01471,Smaf,YX930D,191101427,Bodega patologia,PENDIENTE,Bueno,Propio,1,,2017-DM-0001310,IIA,5
Calentador de paciente,02169,Nellcor,5015300A,CI0911J121,Bodega patologia,PENDIENTE,Bueno,Propio,1,,PENDIENTE,PENDIENTE,PENDIENTE
Monitor de signos,01342,Mindray,T5,CM-94106557,Bodega patologia,PENDIENTE,Bueno,Propio,1,,2019EBC-0003486,IIB,10
Monitor de signos,01363,Mindray,Mec-1200,CC-8C107171,Urgencias 7 piso,PENDIENTE,Bueno,Propio,1,,2019EBC-0003486,IIB,5
Bomba de nutricion,AJ0321,Abbott,Free go,(21)af14168003,Bodega patologia,PENDIENTE,Bueno,Propio,1,,2011EBC-0008205,IIB,5
Bomba de nutricion,AJ0471,Abbott,Free go,(21)af18094078,Bodega patologia,PENDIENTE,Bueno,Propio,1,,2011EBC-0008205,IIB,5
Bomba de nutricion,AJ1966,Abbott,Free go,(21)af22333195,Bodega patologia,PENDIENTE,Bueno,Propio,1,,2011EBC-0008205,IIA,5
Regulador de succion,00214,Amvex,RVTM3,15046135,Bodega patologia,PENDIENTE,Bueno,Propio,1,,PENDIENTE,PENDIENTE,PENDIENTE
Flujometro,PENDIENTE_BIO_227,Aramed,Sencillo,NT,Bodega patologia,PENDIENTE,Bueno,Propio,1,,PENDIENTE,PENDIENTE,PENDIENTE
Flujometro,PENDIENTE_BIO_228,Aramed,Sencillo,NT,Bodega patologia,PENDIENTE,Bueno,Propio,1,,PENDIENTE,PENDIENTE,PENDIENTE
Flujometro,PENDIENTE_BIO_229,Oxygen,NT,NT,Bodega patologia,PENDIENTE,Bueno,Propio,1,,PENDIENTE,PENDIENTE,PENDIENTE
craneotomo,PENDIENTE_BIO_230,Medtronic,ipc,snc71897,Taller biomedico,PENDIENTE,Bueno,Propio,1,,PENDIENTE,PENDIENTE,PENDIENTE
Regulador de succion,01344,Precision medical,Pm3100,109430,Bodega patologia,PENDIENTE,Bueno,Propio,1,,PENDIENTE,PENDIENTE,PENDIENTE
Regulador de succion,01352,Precision medical,Pm3100,109436,Bodega patologia,PENDIENTE,Bueno,Propio,1,,PENDIENTE,PENDIENTE,PENDIENTE
Regulador de succion,01349,Precision medical,Pm3100,109424,Bodega patologia,PENDIENTE,Bueno,Propio,1,,PENDIENTE,PENDIENTE,PENDIENTE
Succionador,02399,Thomas,NT,060800005085,Bodega patologia,PENDIENTE,Bueno,Propio,1,,2017DM-0001310,IIA,5
Succionador,03150,Smaf,SXT-5a,L15.19.147,PAD,PENDIENTE,Bueno,Propio,1,,2017DM-0001310,IIA,5
Electrocardiografo,01304,Biocare,ECG-300G,1514060755,Taller biomedico,PENDIENTE,Bueno,Propio,1,,2009DM-0005033,IIA,5
Monitor de signos,AJ0449,Drager,Vista 120s,S2SNE3464,Taller biomedico,PENDIENTE,Bueno,Propio,1,,2011EBC-0007844,IIB,10
Monitor de signos,01667,Mindray,T5,CM-94106565,Urgencias 7 piso,PENDIENTE,Bueno,Propio,1,,2019EBC-0003486,IIB,10
Monitor de signos,01346,Mindray,T5,CM-94106562,Taller biomedico,PENDIENTE,Bueno,Propio,1,,2019EBC-0003486,IIB,10
Succionador,03973 / AJ0972,Pulmo-med,7E-C,YU21010252,Taller biomedico,PENDIENTE,Bueno,Propio,1,,PENDIENTE,IIA,5
Flujometro,PENDIENTE_BIO_231,Oxygen,Doble,M51646,Taller biomedico,PENDIENTE,Bueno,Propio,1,,PENDIENTE,PENDIENTE,PENDIENTE
Flujometro,CLI0348 / CLI0349,Amvex,Doble,Fma013994bm / Fma015278kl,Taller biomedico,PENDIENTE,Bueno,Propio,1,,PENDIENTE,PENDIENTE,PENDIENTE
Flujometro,PENDIENTE_BIO_232,Gentec,Fm197b-15l-ch,61k20040596/027,Taller biomedico,PENDIENTE,Bueno,Propio,1,,2019DM-0019944,IIA,4
Flujometro,CLI0292,Amvex,Sencillo,013971bm,Taller biomedico,PENDIENTE,Bueno,Propio,1,,PENDIENTE,PENDIENTE,PENDIENTE
Flujometro,CLI0380,NT,Sencillo,NT,Taller biomedico,PENDIENTE,Bueno,Propio,1,,PENDIENTE,PENDIENTE,PENDIENTE
Flujometro,PENDIENTE_BIO_233,Gentec,Fm197b-15l-ch,61k20040596/005,Taller biomedico,PENDIENTE,Bueno,Propio,1,,2019DM-0019944,IIA,4
Flujometro,PENDIENTE_BIO_234,Oxygen,Sencillo,Fm24080192,Taller biomedico,PENDIENTE,Bueno,Propio,1,,PENDIENTE,PENDIENTE,PENDIENTE
Flujometro,PENDIENTE_BIO_235,Gentec,Fm197b-15l-ch,61k20040596/047,Taller biomedico,PENDIENTE,Bueno,Propio,1,,2019DM-0019944,IIA,4
Flujometro,PENDIENTE_BIO_236,Oxygen,NT,Fm24080188,Taller biomedico,PENDIENTE,Bueno,Propio,1,,PENDIENTE,PENDIENTE,PENDIENTE
Maquina de anestesia,02590,Penlon,Prima SP2,SP21007-34,Cirugia,PENDIENTE,Bueno,Propio,1,,2009EBC-0003798,IIB,5
Vaporizador,PENDIENTE_BIO_237,vacuum,yx930d,b1120233,Cirugia,PENDIENTE,Bueno,Propio,1,,2009EBC-0003798,IIB,10
Ventilador mecanico,00893 / 01348,Puritan bennett,PB840,3512120157,Bodega 4,PENDIENTE,Bueno,Propio,1,,2008EBC-0001832,IIB,5
Ventilador mecanico,0369,Avea,17311-06,BAV01249,Bodega 4,PENDIENTE,Bueno,Propio,1,,2008EBC-0001778,IIB,10
Ventilador mecanico,01468,Avea,17311-06,BAV01245,Bodega 4,PENDIENTE,Bueno,Propio,1,,2008EBC-0001778,IIB,10
Ventilador mecanico,03067,Avea,17311-06,BAV01239,Bodega 4,PENDIENTE,Bueno,Propio,1,,2008EBC-0001778,IIB,10
Ventilador mecanico,01443,Puritan bennett,PB840,3121215220,Bodega 4,PENDIENTE,Bueno,Propio,1,,2008EBC-0001832,IIB,5
Ventilador mecanico,PENDIENTE_BIO_238,Avea,17311-06,BAV01255,Bodega 4,PENDIENTE,Bueno,Propio,1,,2008EBC-0001778,IIB,10
Ventilador mecanico,01479,Puritan bennett,PB840,3510053060,Bodega 4,PENDIENTE,Bueno,Propio,1,,2008EBC-0001832,IIB,5
Ventilador mecanico,AJ0468,Leistung ,Luft 3,N02143,Bodega 4,PENDIENTE,Bueno,Propio,1,,2015EBC-0013801,IIB,10
Ventilador mecanico,01465,Puritan bennett,PB840,3512120099,Bodega 4,PENDIENTE,Bueno,Propio,1,,2008EBC-0001832,IIB,5
Ventilador mecanico,AJ0440,Tecme,Neumovent TS,200445711083a1V,Bodega 4,PENDIENTE,Bueno,Propio,1,,2019EBC-0020481,IIB,10
Ventilador mecanico,00464,Leistung ,Luft 3,N02151,Bodega 4,PENDIENTE,Bueno,Propio,1,,2015EBC-0013801,IIB,10
Ventilador mecanico,AJ0499,Aeonmed,VG70,VG70(U)XZZS37111,Bodega 4,PENDIENTE,Bueno,Propio,1,,2013DM-0010854,IIB,7
Ventilador mecanico,PENDIENTE_BIO_239,Avea,17311-06,BAV01244,Bodega 4,PENDIENTE,Bueno,Propio,1,,2008EBC-0001778,IIB,10
Ventilador mecanico,AJ0396,Leistung ,Luft 3,N02148,Bodega 4,PENDIENTE,Bueno,Propio,1,,2015EBC-0013801,IIB,10
Ventilador mecanico,AJ0384,Tecme,Neumovent TS,200445671083a1V,Bodega 4,PENDIENTE,Bueno,Propio,1,,2019EBC-0020481,IIB,10
Ventilador mecanico,PENDIENTE_BIO_240,Tecme,Neumovent TS,200445661083a1V,Bodega 4,PENDIENTE,Bueno,Propio,1,,2019EBC-0020481,IIB,10
Ventilador mecanico,01358 / 0368,Avea,17311-06,BAV01242,Bodega 4,PENDIENTE,Bueno,Propio,1,,2008EBC-0001778,IIB,10
Cama hospitalaria,01229,Los pinos ,860,50157,Bodega 4,PENDIENTE,Bueno,Propio,1,,2023DM-0027454,I,5
Cama hospitalaria,01432,Los pinos ,980,500340,Bodega 4,PENDIENTE,Bueno,Propio,1,,2023DM-0027454,I,5
Cama hospitalaria,01444,Los pinos ,980,500342,UCI B,PENDIENTE,Bueno,Propio,1,,2023DM-0027454,I,5
Cama hospitalaria,01464,Dometal,Quaxar,81167,Bodega 4,PENDIENTE,Bueno,Propio,1,,2014DM-0010936,I,10
Cama hospitalaria,01253,MB,NT,MB-011,Bodega 4,PENDIENTE,Bueno,Propio,1,,2024DM-0012181,I,5
Cama hospitalaria,01505,MB,NT,MB-094,Bodega 4,PENDIENTE,Bueno,Propio,1,,2024DM-0012181,I,5
Cama hospitalaria,01374,Los pinos ,860,50143,Bodega 4,PENDIENTE,Bueno,Propio,1,,PENDIENTE,PENDIENTE,PENDIENTE
Cama hospitalaria,01306,Los pinos ,840,504761,Bodega 4,PENDIENTE,Bueno,Propio,1,,2023DM-0027454,I,5
Ventilador mecanico,01463,Newport,E-360,N07361211868,Bodega 4,PENDIENTE,Bueno,Propio,1,,2010EBC-0006094,IIB,5
Ventilador mecanico,01419,Puritan bennett,PB840,3510011299,Bodega 4,PENDIENTE,Bueno,Propio,1,,2008EBC-0001832,IIB,5
Monitor de signos,01486,General Electric,Dash3000,SD907398089GA,Urgencias 7 piso,PENDIENTE,Bueno,Propio,1,,PENDIENTE,PENDIENTE,PENDIENTE
Bascula,01674,Seca,874,10000001202184,Consulta externa,PENDIENTE,Bueno,Propio,1,,NO REQUIERE,I,7
Equipo de organos,00988,Hill-Rom,Pared,NT,Consulta externa,PENDIENTE,Bueno,Propio,1,,2012DM-0009186,IIA,8
Termometro corporal,01821,Welch allyn,Suretemp plus,(21)21094000,Consulta externa,PENDIENTE,Bueno,Propio,1,,PENDIENTE,PENDIENTE,PENDIENTE
Tensiometro,PENDIENTE_BIO_241,ALPK2,Pared,SN18-22561,Consulta externa,PENDIENTE,Bueno,Propio,1,,PENDIENTE,I,5
Bascula,01577,Detecto,339,E27608-0164,Consulta externa,PENDIENTE,Bueno,Propio,1,,NO REQUIERE,I ,5
Bascula,01675,Seca,874,10000001202386,Consulta externa,PENDIENTE,Bueno,Propio,1,,NO REQUIERE,I,7
Termometro corporal,01753,Welch allyn,Suretemp plus,(21)21110809,Consulta externa,PENDIENTE,Bueno,Propio,1,,PENDIENTE,PENDIENTE,PENDIENTE
Equipo de organos,00985,Hill-Rom,Pared,NT,Consulta externa,PENDIENTE,Bueno,Propio,1,,2012DM-0009186,IIA,8
Tensiometro,01752,Hill-Rom,Pared,230118161330,Consulta externa,PENDIENTE,Bueno,Propio,1,,PENDIENTE,I,5
Termometro corporal,01751,Welch allyn,Suretemp plus,(21)21177260,Consulta externa,PENDIENTE,Bueno,Propio,1,,2018DM-0002616,IIA,5
Equipo de organos,00986,Hill-Rom,Pared,NT,Consulta externa,PENDIENTE,Bueno,Propio,1,,2012DM-0009186,IIA,8
Tensiometro,01724,Hill-Rom,Pared,230118144540,Consulta externa,PENDIENTE,Bueno,Propio,1,,NO REQUIERE,I,5
Monitor de signos,01826,Mindray,UMEC12,EV-14067912,Consulta externa,PENDIENTE,Bueno,Propio,1,,2009EBC-0003486,IIB,5
Marcapasos,01113,Medtronic,5392,DJH051828P,Urgencias,PENDIENTE,Bueno,Propio,1,,2018EBC-0001163,IIB,5
Camilla,00982,MB,MB-16-5,CC-8298,Urgencias,PENDIENTE,Bueno,Propio,1,,2014DM-001181,IIA,5
Camilla,02161,MB,MB-16-1,CC-8920,Urgencias,PENDIENTE,Bueno,Propio,1,,PENDIENTE,PENDIENTE,PENDIENTE
Camilla,02066,MB,MB-16-1,CC-8710,Consulta externa,PENDIENTE,Bueno,Propio,1,,PENDIENTE,PENDIENTE,PENDIENTE
Tensiometro,01487,Tycos,Carro,119641759,Consulta externa,PENDIENTE,Bueno,Propio,1,,NO REQUIERE,I,5
Bascula,01209,Detecto,239,9603-1238,Consulta externa,PENDIENTE,Bueno,Propio,1,,NO REQUIERE,I,5
Monitor de signos,PENDIENTE_BIO_242,Mindray,Umec10,KN-27149028,Consulta externa,PENDIENTE,Bueno,Propio,1,,2019EBC-0014448,IIB,10
Tensiometro,PENDIENTE_BIO_243,Hill-Rom,Pared,230118143420,Consulta externa,PENDIENTE,Bueno,Propio,1,,NO REQUIERE,I,5
Termometro corporal,PENDIENTE_BIO_244,Welch allyn,Suretemp plus,(21)21111022,Consulta externa,PENDIENTE,Bueno,Propio,1,,PENDIENTE,PENDIENTE,PENDIENTE
Termometro corporal,01757,Welch allyn,Suretemp plus,(21)21094040,Consulta externa,PENDIENTE,Bueno,Propio,1,,PENDIENTE,PENDIENTE,PENDIENTE
Termometro corporal,01822,Welch allyn,Suretemp plus,(21)21110944,Consulta externa,PENDIENTE,Bueno,Propio,1,,PENDIENTE,PENDIENTE,PENDIENTE
Termometro corporal,01754,Welch allyn,Suretemp plus,(21)21111040,Consulta externa,PENDIENTE,Bueno,Propio,1,,PENDIENTE,PENDIENTE,PENDIENTE
Equipo de organos,00989,Hill-Rom,Pared,NT,Consulta externa,PENDIENTE,Bueno,Propio,1,,2021DM-0009186,IIA,8
Tensiometro,01749,Hill-Rom,Pared,230118145210,Consulta externa,PENDIENTE,Bueno,Propio,1,,PENDIENTE,I,5
Tensiometro,PENDIENTE_BIO_245,ALPK2,Pared,SN18-22555,Consulta externa,PENDIENTE,Bueno,Propio,1,,PENDIENTE,I,5
Tensiometro,01723,Hill-Rom,Pared,230118140150,Consulta externa,PENDIENTE,Bueno,Propio,1,,PENDIENTE,I,5
Tensiometro,PENDIENTE_BIO_246,ALPK2,Portatil,479613,Consulta externa,PENDIENTE,Bueno,Propio,1,,PENDIENTE,PENDIENTE,PENDIENTE
Tensiometro,PENDIENTE_BIO_247,Prestige,Portatil,303018,Consulta externa,PENDIENTE,Bueno,Propio,1,,2009DM-0004676,IIA,5
Tensiometro,PENDIENTE_BIO_248,Lord,Portatil,893647,Consulta externa,PENDIENTE,Bueno,Propio,1,,NO REQUIERE,IIA,5
Lampara pielitica,00585,Topcare,KS-Q6,LC-001,Consulta externa,PENDIENTE,Bueno,Propio,1,,NO REQUIERE,I,7
Bascula,01625,Detecto,239,9312-1629,Consulta externa,PENDIENTE,Bueno,Propio,1,,NO REQUIERE,I,5
Bascula,01676,Seca,874,10000001202190,Consulta externa,PENDIENTE,Bueno,Propio,1,,NO REQUIERE,I,7
Equipo de organos,00990,Hill-Rom,Pared,NT,Consulta externa,PENDIENTE,Bueno,Propio,1,,PENDIENTE,PENDIENTE,PENDIENTE
Equipo de organos,03963,Welch allyn,Pared,NT,Consulta externa,PENDIENTE,Bueno,Propio,1,,2021DM-0009186,IIA,8
Marcapasos,PENDIENTE_BIO_249,Osypka,Pace 101H,305052,UCI B,PENDIENTE,Bueno,Propio,1,,2003V-0002233,III,5
Ecografo,03176,Siemens,Acuson Juniper,21552856,Imagenologia,PENDIENTE,Bueno,Propio,1,,2016DM-0015035,IIA,10
Equipo de presion negativa,PENDIENTE_BIO_250,Closter,XLR8+,X09119,Clinica de heridas,PENDIENTE,Bueno,Propio,1,,PENDIENTE,PENDIENTE,PENDIENTE
Equipo de presion negativa,PENDIENTE_BIO_251,Closter,XLR8+,XP02981,Clinica de heridas,PENDIENTE,Bueno,Propio,1,,PENDIENTE,PENDIENTE,PENDIENTE
Equipo de presion negativa,PENDIENTE_BIO_252,Closter,XLR8+,XP07971,Clinica de heridas,PENDIENTE,Bueno,Propio,1,,PENDIENTE,PENDIENTE,PENDIENTE
Equipo de presion negativa,PENDIENTE_BIO_253,Closter,XLR8+,XP08312,Clinica de heridas,PENDIENTE,Bueno,Propio,1,,PENDIENTE,PENDIENTE,PENDIENTE
Equipo de presion negativa,PENDIENTE_BIO_254,Closter,XLR8+,XP08595,Clinica de heridas,PENDIENTE,Bueno,Propio,1,,PENDIENTE,PENDIENTE,PENDIENTE
Maquina de anestesia,02551,Penlon,Prima 320,614018100004,Cirugia,PENDIENTE,Bueno,Propio,1,,PENDIENTE,IIB,5
Electrobisturi,02559,Valleylab,Force FX,S6A20857AX,Cirugia,PENDIENTE,Bueno,Propio,1,,2008EBC-0001750,IIB,5
Termohigrometro,PENDIENTE_BIO_255,KTJ,TA318,MKTH2266,Cirugia,PENDIENTE,Bueno,Propio,1,,PENDIENTE,PENDIENTE,PENDIENTE
Regulador de succion,02588,Pahsco,Wika,NT,Cirugia,PENDIENTE,Bueno,Propio,1,,PENDIENTE,PENDIENTE,PENDIENTE
Monitor de signos,01511,Mindray,UMEC12,KQ-15066676,Cirugia,PENDIENTE,Bueno,Propio,1,,2016EBC-00144448,IIB,10
Mesa quirurgica ,02549,Mindray,hybase3000,M1-8B000744,Cirugia,PENDIENTE,Bueno,Propio,1,,PENDIENTE,I,10
Vaporizador,02589,Penlon,Sigma delta,D0511-0477,Cirugia,PENDIENTE,Bueno,Propio,1,,2008EBC-0001418,IIB,10
Laringoscopio,02591,Welch allyn,60813,NT,Cirugia,PENDIENTE,Bueno,Propio,1,,2018DM-0018133,I,5
Lampara cielitica,02502,Mindray,Hyled760,15-81000428,Cirugia,PENDIENTE,Bueno,Propio,1,,2013DM-0010460,IIA,5
Maquina de anestesia,02530,Penlon,Prima 320,614018100003,Cirugia,PENDIENTE,Bueno,Propio,1,,PENDIENTE,IIB,5
Monitor de signos,02528,Mindray,UMEC12,KQ-15066759,Cirugia,PENDIENTE,Bueno,Propio,1,,2016EBC-00144448,IIB,10
Regulador de succion,02509,Pahsco,Wika,CC0031,Cirugia,PENDIENTE,Bueno,Propio,1,,PENDIENTE,PENDIENTE,PENDIENTE
Electrobisturi,02505,Valleylab,Force FX,S4K15679AX,Cirugia,PENDIENTE,Bueno,Propio,1,,2008EBC-0001750,IIB,5
Termohigrometro,PENDIENTE_BIO_256,Temica,350,A13865,Cirugia,PENDIENTE,Bueno,Propio,1,,PENDIENTE,I,5
Mesa quirurgica ,02531,Mindray,Unibase 30,29-28005173,Cirugia,PENDIENTE,Bueno,Propio,1,,PENDIENTE,I,10
Lampara cielitica,02525,Mindray,Hyled760,15-45000119,Cirugia,PENDIENTE,Bueno,Propio,1,,2013DM-0010460,IIA,5
Vaporizador,02529,Penlon,Sigma delta,D05110481,Cirugia,PENDIENTE,Bueno,Propio,1,,200EBC-0001418,IIB,10
Vaporizador,PENDIENTE_BIO_257,Drager,M35500,ASPD-0161,Cirugia,PENDIENTE,Bueno,Propio,1,,PENDIENTE,IIB,10
Laringoscopio,02553,Welch allyn,60813,L2CX,Cirugia,PENDIENTE,Bueno,Propio,1,,2018DM-0018133,I,5
Infusor,PENDIENTE_BIO_258,Riester,Metpak,200923831,Cirugia,PENDIENTE,Bueno,Propio,1,,2011DM-0008031,I,5
Bomba de infusion,PENDIENTE_BIO_259,Hospira,Plum A+,18464093,Cirugia,PENDIENTE,Bueno,Propio,1,,PENDIENTE,PENDIENTE,PENDIENTE
Maquina de anestesia,AJ4199,Mindray,Wato EX-65,AT3-38003700,Cirugia,PENDIENTE,Bueno,Propio,1,,PENDIENTE,IIB,10
Monitor de signos,AJ4100,Mindray,EPM10M,AD1-27032788,Cirugia,PENDIENTE,Bueno,Propio,1,,2016EBC-001448,IIB,PENDIENTE
Succionador,02560,CA-MI,Hospivac 350,15785,Cirugia,PENDIENTE,Bueno,Propio,1,,2014DM-0011987,IIA,5
Electrobisturi,01591,Valleylab,Force FX,F6J50053A,Cirugia,PENDIENTE,Bueno,Propio,1,,2008EBC-0001750,IIB,5
Bomba de infusion,0484,Hospira,Plum A+,17947846,Cirugia,PENDIENTE,Bueno,Propio,1,,PENDIENTE,PENDIENTE,PENDIENTE
Mesa quirurgica ,PENDIENTE_BIO_260,Mindray,hybase3000,M1-3B002945,Cirugia,PENDIENTE,Bueno,Propio,1,,PENDIENTE,I,10
Lampara cielitica,02550,Mindray,Hyled8600,K2-31000226T,Cirugia,PENDIENTE,Bueno,Propio,1,,2013DM-0010460,IIA,5
Vaporizador,02548,Penlon,Sigma delta,D05110480,Cirugia,PENDIENTE,Bueno,Propio,1,,2008EBC-0001418,IIB,10
Laringoscopio,02545,Welch allyn,60813,NT,Cirugia,PENDIENTE,Bueno,Propio,1,,2018DM-0018133,I,5
Infusor,PENDIENTE_BIO_261,Riester,Metpak,200923829,Cirugia,PENDIENTE,Bueno,Propio,1,,2021DM-0008031-R1,I,5
Infusor,PENDIENTE_BIO_262,Riester,Metpak,200923788,Cirugia,PENDIENTE,Bueno,Propio,1,,2011DM-0008031,I,5
Termohigrometro,02075,KTJ,PENDIENTE,MKTH3211,Cirugia,PENDIENTE,Bueno,Propio,1,,PENDIENTE,PENDIENTE,PENDIENTE
Regulador de succion,02585,Pahsco,Wika,CC0035,Cirugia,PENDIENTE,Bueno,Propio,1,,PENDIENTE,PENDIENTE,PENDIENTE
Regulador de succion,02543,Pahsco,Wika,CC0030,Cirugia,PENDIENTE,Bueno,Propio,1,,PENDIENTE,PENDIENTE,PENDIENTE
Regulador de succion,01504,Pahsco,Wika,CC0048,Terapia fisica ,PENDIENTE,Bueno,Propio,1,,PENDIENTE,PENDIENTE,PENDIENTE
Regulador de succion,PENDIENTE_BIO_263,Pahsco,Wika,CC-0033,UCI A,PENDIENTE,Bueno,Propio,1,,PENDIENTE,PENDIENTE,PENDIENTE
Regulador de succion,PENDIENTE_BIO_264,Drager,NT,R1,Taller biomedico,PENDIENTE,Bueno,Propio,1,,PENDIENTE,PENDIENTE,PENDIENTE
Bomba de infusion,AJ1960,Hospira,Plum A+,17956982,Cirugia,PENDIENTE,Bueno,Propio,1,,PENDIENTE,PENDIENTE,PENDIENTE
Vaporizador,PENDIENTE_BIO_265,Penlon,Sigma delta,D0719-0133,Cirugia,PENDIENTE,Bueno,Propio,1,,2008EBC-0001418,IIB,10
Electrobisturi,02501,Valleylab,Force FX,S9C31295AX,Cirugia,PENDIENTE,Bueno,Propio,1,,2008EBC-0001750,IIB,5
Maquina de anestesia,02541,Penlon,Prima SP2,SP20612-08,Cirugia,PENDIENTE,Bueno,Propio,1,,PENDIENTE,IIB,5
Monitor de signos,02540,Mindray,UMEC12,KQ-15066729,Cirugia,PENDIENTE,Bueno,Propio,1,,2016EBC-00144448,IIB,10
Laringoscopio,610504 0266,Welch allyn,60813,NT,Cirugia,PENDIENTE,Bueno,Propio,1,,PENDIENTE,PENDIENTE,PENDIENTE
Infusor,PENDIENTE_BIO_266,Riester,Metpak,200923781,Cirugia,PENDIENTE,Bueno,Propio,1,,2011DM-0008031,I,5
Infusor,PENDIENTE_BIO_267,Riester,Metpak,200923758,Taller biomedico,PENDIENTE,Bueno,Propio,1,,2011DM-0008031,I,5
Mesa quirurgica ,03103 / 02538,Mindray,hybase3000,M1-93000829,Cirugia,PENDIENTE,Bueno,Propio,1,,PENDIENTE,I,10
Lampara cielitica,02535,Mindray,Hyled 760,15-81000429,Cirugia,PENDIENTE,Bueno,Propio,1,,2013DM-0010460,IIA,5
Termohigrometro,03607,Biotemp,NT,NT,Cirugia,PENDIENTE,Bueno,Propio,1,,PENDIENTE,PENDIENTE,PENDIENTE
Bascula,00187,Detecto,339,E27608-0170,Clinica de heridas,PENDIENTE,Bueno,Propio,1,,PENDIENTE,PENDIENTE,PENDIENTE
Tensiometro,01790,Hill-rom,pared,230118162140,Clinica de heridas,PENDIENTE,Bueno,Propio,1,,PENDIENTE,I,5
Equipo de organos,00987,Hill-rom,pared,NT,Clinica de heridas,PENDIENTE,Bueno,Propio,1,,2021DM-0009186,IIA,8
Camilla,01555,Generica,NT,CT-001,Clinica de heridas,PENDIENTE,Bueno,Propio,1,,PENDIENTE,PENDIENTE,PENDIENTE
Estimulador ,00206,Chattanooga,2776,T25381,Terapia Fisica,PENDIENTE,Bueno,Propio,1,,2017DM-0016495,IIA,10
Estimulador ,01993,HTM,Stimulus Physio Maxx,354285-2023,Terapia Fisica,PENDIENTE,Bueno,Propio,1,,NO REPORTA,IIA,5
Bascula,02134,Health o meter,844KL,8440138554,Terapia Fisica,PENDIENTE,Bueno,Propio,1,,NO REPORTA,I,5
Tensiometro,PENDIENTE_BIO_268,Lenz,GZ-805,805BK09100000992,Terapia Fisica,PENDIENTE,Bueno,Propio,1,,PENDIENTE,PENDIENTE,PENDIENTE
Pulsoximetro,PENDIENTE_BIO_269,Pulse oximeter,FS20A,FS2A2107120100394,Terapia Fisica,PENDIENTE,Bueno,Propio,1,,PENDIENTE,PENDIENTE,PENDIENTE
Pulsoximetro,PENDIENTE_BIO_270,Pulse oximeter,FS20A,FS2A2107120100403,Terapia Fisica,PENDIENTE,Bueno,Propio,1,,PENDIENTE,PENDIENTE,PENDIENTE
Equipo de presoterapia ,01994,BTL,BTL6000,01100B016343,Terapia Fisica,PENDIENTE,Bueno,Propio,1,,2021DM-0023622,IIA,10
Succionador ,01562,Pulmo-med,7E-A,00125,Terapia Fisica,PENDIENTE,Bueno,Propio,1,,2020DM-0022467,IIA,5
Succionador ,01323,Pulmo-med,7E-A,00120,Hospitalizacion 6B,PENDIENTE,Bueno,Propio,1,,2020DM-0022467,IIA,5
Equipo de presion negativa,AJ3017,Closter,XLR8+,XP01509,Cirugia,PENDIENTE,Bueno,Propio,1,,PENDIENTE,PENDIENTE,PENDIENTE
Equipo de presion negativa,AJ3084,Closter,XLR8+,XP01143,Cirugia,PENDIENTE,Bueno,Propio,1,,PENDIENTE,PENDIENTE,PENDIENTE
Equipo de presion negativa,AJ3018,Closter,XLR8+,XP01691,Cirugia,PENDIENTE,Bueno,Propio,1,,PENDIENTE,PENDIENTE,PENDIENTE
Equipo de presion negativa,AJ3085,Closter,XLR8+,XP07993,Cirugia,PENDIENTE,Bueno,Propio,1,,PENDIENTE,PENDIENTE,PENDIENTE
Equipo de presion negativa,AJ3083,Closter,XLR8+,XP01120,Cirugia,PENDIENTE,Bueno,Propio,1,,PENDIENTE,PENDIENTE,PENDIENTE
Bascula,01617,Detecto,339,E27608-0177,Bodega 4,PENDIENTE,Bueno,Propio,1,,NO REPORTA,I,5
Desfibrilador ,05001,Mindray,Beneheart D30,FPS-49011858,Urgencias 7 piso,PENDIENTE,Bueno,Propio,1,,2020EBC-0005463-R1,IIB,10 Años
Monitor de signos,05035,Mindray,Umec120,FT6-4B010475,UCI,PENDIENTE,Bueno,Propio,1,,2024EBC-0028898,IIB,10 Años
Monitor de signos,05009,Mindray,Umec120,FT6-4B010484,UCI A,PENDIENTE,Bueno,Propio,1,,2024EBC-0028898,IIB,10 Años
Monitor de signos,05003,Mindray,Umec120,FT6-4B010464,UCI,PENDIENTE,Bueno,Propio,1,,2024EBC-0028898,IIB,10 Años
Equipo de organos,05096,Welch allyn,128/228,(01)00732094195934/(01)00732094195958,Urgencias 7 piso,PENDIENTE,Bueno,Propio,1,,2017DM-0017337,I,10 Años
Laringoscopio,05113,Welch allyn,60813,N/r,Urgencias 7 piso,6 Hojas ,Bueno,Propio,1,,2018DM-0018133,I,5 Años
Regulador de oxigeno,05095,Mcare,MDC5040-UN,231201022,Urgencias 7 piso,PENDIENTE,Bueno,Propio,1,,2016DM-0015134,IIB,10 Años
Regulador de oxigeno,05097,Mcare,MDC5040-UN,231201030,Urgencias 7 piso,PENDIENTE,Bueno,Propio,1,,2016DM-0015134,IIB,10 Años
Regulador de oxigeno,05073,Mcare,MDC5040-UN,230201023,Urgencias 7 piso,PENDIENTE,Bueno,Propio,1,,2016DM-0015134,IIB,10 Años
Regulador de oxigeno,05098,Mcare,MDC5040-UN,231201027,Urgencias 7 piso,PENDIENTE,Bueno,Propio,1,,2016DM-0015134,IIB,10 Años
Regulador de oxigeno,05093,Mcare,MDC5040-UN,231201039,Urgencias 7 piso,PENDIENTE,Bueno,Propio,1,,2016DM-0015134,IIB,10 Años
Regulador de oxigeno,05114,Mcare,MDC5040-UN,231201029,Urgencias 7 piso,PENDIENTE,Bueno,Propio,1,,2016DM-0015134,IIB,10 Años
Ecografo,04818,Mindray,Z60,HF9-4C006007,UCI,3 transductores,Bueno,Propio,1,,2023DM-0009612-R1,IIA,5 Años
Datalogger,05090,Elitech,RCW-800W,90905 67027 87068 73999,Farmacia CEDI,"Cargador, sonda ",Bueno,Propio,1,,No requiere,I,5 Años
Datalogger,05110,Elitech,RCW-800W,90122 810590 8538 61461,Farmacia Hospitalizacion,"Cargador, sonda ",Bueno,Propio,1,,No requiere,I,5 Años
Datalogger,05094,Elitech,RCW-800W,30601 36214 97484 41213,Farmacia Cirugia,"Cargador, sonda ",Bueno,Propio,1,,No requiere,I,5 Años
Datalogger,05089,Elitech,RCW-800W,90554 94019 57668 90033,Farmacia CEDI,"Cargador, sonda ",Bueno,Propio,1,,No requiere,I,5 Años
Datalogger,05111,Elitech,RCW-800W,30858 44666 46421 72616,Farmacia CEDI,"Cargador, sonda ",Bueno,Propio,1,,No requiere,I,5 Años
Datalogger,05086,Elitech,RCW-800W,90380 21526 44408 06163,Farmacia Oncologia,"Cargador, sonda ",Bueno,Propio,1,,No requiere,I,5 Años
Datalogger,05087,Elitech,RCW-800W,90113 58830 34963 97941,Farmacia Hemodinamia,"Cargador, sonda ",Bueno,Propio,1,,No requiere,I,5 Años
Datalogger,05056,Elitech,RCW-800W,90474 45089 12609 76375,Farmacia CEDI,"Cargador, sonda ",Bueno,Propio,1,,No requiere,I,5 Años
Datalogger,05088,Elitech,RCW-800W,90026 6604 65394 44644,Farmacia Hospitalizacion,"Cargador, sonda ",Bueno,Propio,1,,No requiere,I,5 Años
Datalogger,05057,Elitech,RCW-800W,90292 75089 94975 22036,Farmacia Hospitalizacion,"Cargador, sonda ",Bueno,Propio,1,,No requiere,I,5 Años
Datalogger,05109,Elitech,RCW-800W,90880 14869 12388 01901,Farmacia CEDI,"Cargador, sonda ",Bueno,Propio,1,,No requiere,I,5 Años
Datalogger,05054,Elitech,RCW-800W,90487 48140 12198 63552,Farmacia CEDI,"Cargador, sonda ",Bueno,Propio,1,,No requiere,I,5 Años
Camilla,03370,Los pinos,CL4,710858,Urgencias 7 piso,PENDIENTE,Bueno,Propio,1,,2024DM-0028616,I,5 Años
Camilla,03388,Los pinos,CL4,710859,Urgencias 7 piso,PENDIENTE,Bueno,Propio,1,,2024DM-0028616,I,5 Años
Camilla,03390,Los pinos,CL4,710861,Urgencias 7 piso,PENDIENTE,Bueno,Propio,1,,2024DM-0028616,I,5 Años
Camilla,03392,Los pinos,CL4,710867,Urgencias 7 piso,PENDIENTE,Bueno,Propio,1,,2024DM-0028616,I,5 Años
Camilla,03371,Los pinos,CL4,710871,Urgencias 7 piso,PENDIENTE,Bueno,Propio,1,,2024DM-0028616,I,5 Años
Camilla,03389,Los pinos,CL4,710874,Urgencias 7 piso,PENDIENTE,Bueno,Propio,1,,2024DM-0028616,I,5 Años
Camilla,03391,Los pinos,CL4,710865,Urgencias 7 piso,PENDIENTE,Bueno,Propio,1,,2024DM-0028616,I,5 Años
Camilla,03393,Los pinos,CL4,710876,Urgencias 7 piso,PENDIENTE,Bueno,Propio,1,,2024DM-0028616,I,5 Años
Camilla,03372,Los pinos,CL4,710877,Urgencias 7 piso,PENDIENTE,Bueno,Propio,1,,2024DM-0028616,I,5 Años
Electrobisturi,03369,Covidien,FT10,T4J83466DX,Cirugia,PENDIENTE,Bueno,Propio,1,,2016EBC-0015489,IIB,7 Años
Electrocardiografo,05006,Mindray,Beneheart R3,FK-53043023,Urgencias 7 piso,PENDIENTE,Bueno,Propio,1,,2018DM-0003378-R1,IIA,PENDIENTE
Electrocardiografo,PENDIENTE_BIO_271,Biocare,IE3,A121120117,Taller biomedico,PENDIENTE,Bueno,Propio,1,,2014DM-0011951,IIA,8
Succionador ,01746,Pulmo-med,7EC,YU21120221,Urgencias 7 piso,PENDIENTE,Bueno,Propio,1,,2020DM-0022467,IIA,5
Succionador ,01368,Pulmo-med,7EC,YU21010437,Terapia Fisica,PENDIENTE,Bueno,Propio,1,,2020DM-0022467,PENDIENTE,PENDIENTE
Succionador ,01788,Pulmo-med,7EC,YU21120370,Terapia Fisica,PENDIENTE,Bueno,Propio,1,,2020DM-0022467,PENDIENTE,PENDIENTE
Electrobisturi,PENDIENTE_BIO_272,Valleylab,Force FX,S3I10365AX,Cirugia,PENDIENTE,Bueno,Propio,1,,2008EBC-0001750,IIB,5
Infusor,PENDIENTE_BIO_273,Erka,NT,13025148,Taller biomedico,VALOR COMERCIAL 3.750.000$ ESTADO OPTIMO,Bueno,Propio,1,,PENDIENTE,PENDIENTE,PENDIENTE
Bomba de infusion,AJ3135,Hospira,Plum W,17952955,Taller biomedico,VALOR COMERCIAL 3.750.000$ ESTADO OPTIMO,Bueno,Propio,1,,PENDIENTE,PENDIENTE,PENDIENTE
Bomba de infusion,AJ4699,Hospira,Plum W,17952963,Taller biomedico,VALOR COMERCIAL 3.750.000$ ESTADO OPTIMO,Bueno,Propio,1,,PENDIENTE,PENDIENTE,PENDIENTE
Bomba de infusion,AJ3055,Hospira,Plum W,17955773,Taller biomedico,VALOR COMERCIAL 3.750.000$ ESTADO OPTIMO,Bueno,Propio,1,,PENDIENTE,PENDIENTE,PENDIENTE
Bomba de infusion,AJ4873,Hospira,Plum W,17956019,Taller biomedico,VALOR COMERCIAL 3.750.000$ ESTADO OPTIMO,Bueno,Propio,1,,PENDIENTE,PENDIENTE,PENDIENTE
Bomba de infusion,AJ4874,Hospira,Plum W,17956363,Taller biomedico,VALOR COMERCIAL 3.750.000$ ESTADO OPTIMO,Bueno,Propio,1,,PENDIENTE,PENDIENTE,PENDIENTE
Bomba de infusion,AJ4700,Hospira,Plum W,17956332,Taller biomedico,VALOR COMERCIAL 3.750.000$ ESTADO OPTIMO,Bueno,Propio,1,,PENDIENTE,PENDIENTE,PENDIENTE
Bomba de infusion,AJ4822,Hospira,Plum W,17956337,Taller biomedico,VALOR COMERCIAL 3.750.000$ ESTADO OPTIMO,Bueno,Propio,1,,PENDIENTE,PENDIENTE,PENDIENTE
Bomba de infusion,AJ1999,Hospira,Plum W,17956774,Taller biomedico,VALOR COMERCIAL 3.750.000$ ESTADO OPTIMO,Bueno,Propio,1,,PENDIENTE,PENDIENTE,PENDIENTE
Bomba de infusion,AJ3120,Hospira,Plum W,17957039,Taller biomedico,VALOR COMERCIAL 3.750.000$ ESTADO OPTIMO,Bueno,Propio,1,,PENDIENTE,PENDIENTE,PENDIENTE
Bomba de infusion,AJ4825,Hospira,Plum W,PENDIENTE VERIFICAR,Taller biomedico,VALOR COMERCIAL 3.750.000$ ESTADO OPTIMO,Bueno,Propio,1,,PENDIENTE,PENDIENTE,PENDIENTE
Bomba de infusion,AJ4824,Hospira,Plum W,17956959,Taller biomedico,VALOR COMERCIAL 3.750.000$ ESTADO OPTIMO,Bueno,Propio,1,,PENDIENTE,PENDIENTE,PENDIENTE
Bomba de infusion,AJ4856,Hospira,Plum W,17956607,Taller biomedico,VALOR COMERCIAL 3.750.000$ ESTADO OPTIMO,Bueno,Propio,1,,PENDIENTE,PENDIENTE,PENDIENTE
Bomba de infusion,AJ4819,Hospira,Plum W,17957185,Taller biomedico,VALOR COMERCIAL 3.750.000$ ESTADO OPTIMO,Bueno,Propio,1,,PENDIENTE,PENDIENTE,PENDIENTE
Bomba de infusion,AJ3118,Hospira,Plum W,17957205,Taller biomedico,VALOR COMERCIAL 3.750.000$ ESTADO OPTIMO,Bueno,Propio,1,,PENDIENTE,PENDIENTE,PENDIENTE
Bomba de infusion,AJ3058,Hospira,Plum W,17956658,Taller biomedico,VALOR COMERCIAL 3.750.000$ ESTADO OPTIMO,Bueno,Propio,1,,PENDIENTE,PENDIENTE,PENDIENTE
Bomba de infusion,AJ4823,Hospira,Plum W,17956932,Taller biomedico,VALOR COMERCIAL 3.750.000$ ESTADO OPTIMO,Bueno,Propio,1,,PENDIENTE,PENDIENTE,PENDIENTE
,PENDIENTE_BIO_004,PENDIENTE,PENDIENTE,PENDIENTE,PENDIENTE,PENDIENTE,Bueno,Propio,1,,PENDIENTE,PENDIENTE,PENDIENTE
,PENDIENTE_BIO_005,PENDIENTE,PENDIENTE,PENDIENTE,PENDIENTE,PENDIENTE,Bueno,Propio,1,,PENDIENTE,PENDIENTE,PENDIENTE
,PENDIENTE_BIO_006,PENDIENTE,PENDIENTE,PENDIENTE,PENDIENTE,PENDIENTE,Bueno,Propio,1,,PENDIENTE,PENDIENTE,PENDIENTE
,PENDIENTE_BIO_007,PENDIENTE,PENDIENTE,PENDIENTE,PENDIENTE,PENDIENTE,Bueno,Propio,1,,PENDIENTE,PENDIENTE,PENDIENTE
,PENDIENTE_BIO_008,PENDIENTE,PENDIENTE,PENDIENTE,PENDIENTE,PENDIENTE,Bueno,Propio,1,,PENDIENTE,PENDIENTE,PENDIENTE
,PENDIENTE_BIO_009,PENDIENTE,PENDIENTE,PENDIENTE,PENDIENTE,PENDIENTE,Bueno,Propio,1,,PENDIENTE,PENDIENTE,PENDIENTE
,PENDIENTE_BIO_010,PENDIENTE,PENDIENTE,PENDIENTE,PENDIENTE,PENDIENTE,Bueno,Propio,1,,PENDIENTE,PENDIENTE,PENDIENTE
,PENDIENTE_BIO_011,PENDIENTE,PENDIENTE,PENDIENTE,PENDIENTE,PENDIENTE,Bueno,Propio,1,,PENDIENTE,PENDIENTE,PENDIENTE
,PENDIENTE_BIO_012,PENDIENTE,PENDIENTE,PENDIENTE,PENDIENTE,PENDIENTE,Bueno,Propio,1,,PENDIENTE,PENDIENTE,PENDIENTE
,PENDIENTE_BIO_013,PENDIENTE,PENDIENTE,PENDIENTE,PENDIENTE,PENDIENTE,Bueno,Propio,1,,PENDIENTE,PENDIENTE,PENDIENTE
,PENDIENTE_BIO_014,PENDIENTE,PENDIENTE,PENDIENTE,PENDIENTE,PENDIENTE,Bueno,Propio,1,,PENDIENTE,PENDIENTE,PENDIENTE
,PENDIENTE_BIO_015,PENDIENTE,PENDIENTE,PENDIENTE,PENDIENTE,PENDIENTE,Bueno,Propio,1,,PENDIENTE,PENDIENTE,PENDIENTE
,PENDIENTE_BIO_016,PENDIENTE,PENDIENTE,PENDIENTE,PENDIENTE,PENDIENTE,Bueno,Propio,1,,PENDIENTE,PENDIENTE,PENDIENTE
,PENDIENTE_BIO_017,PENDIENTE,PENDIENTE,PENDIENTE,PENDIENTE,PENDIENTE,Bueno,Propio,1,,PENDIENTE,PENDIENTE,PENDIENTE
,PENDIENTE_BIO_018,PENDIENTE,PENDIENTE,PENDIENTE,PENDIENTE,PENDIENTE,Bueno,Propio,1,,PENDIENTE,PENDIENTE,PENDIENTE
,PENDIENTE_BIO_019,PENDIENTE,PENDIENTE,PENDIENTE,PENDIENTE,PENDIENTE,Bueno,Propio,1,,PENDIENTE,PENDIENTE,PENDIENTE
,PENDIENTE_BIO_020,PENDIENTE,PENDIENTE,PENDIENTE,PENDIENTE,PENDIENTE,Bueno,Propio,1,,PENDIENTE,PENDIENTE,PENDIENTE
,PENDIENTE_BIO_021,PENDIENTE,PENDIENTE,PENDIENTE,PENDIENTE,PENDIENTE,Bueno,Propio,1,,PENDIENTE,PENDIENTE,PENDIENTE
"Elaborado: 
Diego Figueredo Gómez
Coordinador biomédico ",PENDIENTE_BIO_022,PENDIENTE,PENDIENTE,"Revisado: 
Laura Cristina Molano Chona
Subdirectora Administrativa",PENDIENTE,PENDIENTE,Bueno,Propio,1,,PENDIENTE,PENDIENTE,"V°B°: 
Karen Steffi Chacón Díaz
Direc. de Planeación y Calidad"
Fecha: 08-04-2025,PENDIENTE_BIO_023,PENDIENTE,PENDIENTE,Fecha: 22-04-2025,PENDIENTE,PENDIENTE,Bueno,Propio,1,,PENDIENTE,PENDIENTE,Fecha: 02-05-2025
,PENDIENTE_BIO_024,PENDIENTE,PENDIENTE,PENDIENTE,PENDIENTE,PENDIENTE,Bueno,Propio,1,,PENDIENTE,PENDIENTE,PENDIENTE
,PENDIENTE_BIO_025,PENDIENTE,PENDIENTE,PENDIENTE,PENDIENTE,PENDIENTE,Bueno,Propio,1,,PENDIENTE,PENDIENTE,PENDIENTE
,PENDIENTE_BIO_026,PENDIENTE,PENDIENTE,PENDIENTE,PENDIENTE,PENDIENTE,Bueno,Propio,1,,PENDIENTE,PENDIENTE,PENDIENTE
